-- MySQL dump 10.11
--
-- Host: localhost    Database: blastWeb
-- ------------------------------------------------------
-- Server version	5.0.45

/*!40101 SET @OLD_CHARACTER_SET_CLIENT=@@CHARACTER_SET_CLIENT */;
/*!40101 SET @OLD_CHARACTER_SET_RESULTS=@@CHARACTER_SET_RESULTS */;
/*!40101 SET @OLD_COLLATION_CONNECTION=@@COLLATION_CONNECTION */;
/*!40101 SET NAMES utf8 */;
/*!40103 SET @OLD_TIME_ZONE=@@TIME_ZONE */;
/*!40103 SET TIME_ZONE='+00:00' */;
/*!40014 SET @OLD_UNIQUE_CHECKS=@@UNIQUE_CHECKS, UNIQUE_CHECKS=0 */;
/*!40014 SET @OLD_FOREIGN_KEY_CHECKS=@@FOREIGN_KEY_CHECKS, FOREIGN_KEY_CHECKS=0 */;
/*!40101 SET @OLD_SQL_MODE=@@SQL_MODE, SQL_MODE='NO_AUTO_VALUE_ON_ZERO' */;
/*!40111 SET @OLD_SQL_NOTES=@@SQL_NOTES, SQL_NOTES=0 */;

--
-- Table structure for table `blast_jobs`
--

DROP TABLE IF EXISTS `blast_jobs`;
CREATE TABLE `blast_jobs` (
  `id` int(10) unsigned NOT NULL auto_increment,
  `blastid` int(10) unsigned NOT NULL,
  `dbid` int(10) unsigned NOT NULL,
  `e` float NOT NULL,
  `m` int(10) unsigned NOT NULL default '0',
  `FU` varchar(45) default 'T',
  `GU` int(10) NOT NULL default '-1',
  `EU` int(10) NOT NULL default '-1',
  `XU` int(10) unsigned NOT NULL default '0',
  `IU` varchar(45) NOT NULL default 'F',
  `q` int(11) NOT NULL default '-3',
  `r` int(10) unsigned NOT NULL default '1',
  `v` int(10) unsigned NOT NULL default '500',
  `b` int(10) unsigned NOT NULL default '250',
  `f` int(10) unsigned NOT NULL default '0',
  `g` varchar(45) NOT NULL default 'T',
  `QU` int(10) unsigned NOT NULL default '1',
  `DU` int(10) unsigned NOT NULL default '1',
  `a` int(10) unsigned NOT NULL default '1',
  `JU` varchar(45) NOT NULL default 'F',
  `MU` varchar(45) NOT NULL default 'BLOSUM62',
  `WU` int(10) unsigned NOT NULL default '0',
  `z` float NOT NULL default '0',
  `KU` int(10) unsigned NOT NULL default '0',
  `YU` float NOT NULL default '0',
  `SU` int(10) unsigned NOT NULL default '3',
  `l` varchar(45) NOT NULL,
  `UU` varchar(45) NOT NULL default 'F',
  `y` float NOT NULL default '0',
  `ZU` int(10) unsigned NOT NULL default '0',
  `n` varchar(45) NOT NULL default 'F',
  `AU` int(10) unsigned NOT NULL default '0',
  `w` int(10) unsigned NOT NULL default '0',
  `t` int(10) unsigned NOT NULL default '0',
  `CU` varchar(45) default NULL,
  `paramsenabled` varchar(45) NOT NULL,
  `BU` int(10) NOT NULL,
  `TU` varchar(45) NOT NULL,
  `RU` varchar(45) NOT NULL,
  `LU` varchar(45) NOT NULL,
  `name` varchar(45) NOT NULL,
  `description` varchar(45) NOT NULL,
  `userid` int(11) NOT NULL,
  `queriesadded` int(11) NOT NULL,
  `queriescompleted` int(11) NOT NULL,
  `status` int(11) NOT NULL,
  `submitDate` datetime NOT NULL,
  `submitpid` int(11) NOT NULL,
  `concatpidresult` int(11) NOT NULL,
  `concatpidcsv` int(11) NOT NULL,
  `transferpid` int(11) NOT NULL,
  `deletepid` int(10) unsigned NOT NULL,
  `chunksize` int(11) NOT NULL,
  `completeDate` datetime NOT NULL,
  PRIMARY KEY  (`id`)
) ENGINE=InnoDB AUTO_INCREMENT=489 DEFAULT CHARSET=latin1 COMMENT='InnoDB free: 416768 kB; InnoDB free: 411648 kB; InnoDB free:';

--
-- Dumping data for table `blast_jobs`
--

LOCK TABLES `blast_jobs` WRITE;
/*!40000 ALTER TABLE `blast_jobs` DISABLE KEYS */;
INSERT INTO `blast_jobs` VALUES (5,1,8,10,0,'T',-1,-1,0,'F',-3,1,10,5,0,'T',1,1,1,'F','BLOSUM62',0,0,0,0,3,'','F',0,0,'F',0,0,0,'D','p d i e o',0,'0','','','test','',1,1287,1142,10,'2009-12-11 16:44:48',18172,12875,12877,19542,3634,50,'0000-00-00 00:00:00'),(6,1,8,10,0,'T',-1,-1,0,'F',-3,1,10,5,0,'T',1,1,1,'F','BLOSUM62',0,0,0,0,3,'','F',0,0,'F',0,0,0,'D','p d i e o v b',0,'0','','','Large Test','',1,1444226,1444081,10,'2009-12-11 21:56:41',29749,29485,29487,985,3589,200,'0000-00-00 00:00:00'),(7,3,19,10,0,'T',-1,-1,0,'F',-3,1,10,5,0,'T',1,1,1,'F','BLOSUM62',0,0,0,0,3,'','F',0,0,'F',0,0,0,'D','p d i e o v b',0,'0','','','test blastp','',1,1444226,99855,10,'2009-12-12 16:09:17',6658,0,0,0,15534,200,'0000-00-00 00:00:00'),(8,1,8,10,0,'T',-1,-1,0,'F',-3,1,10,5,0,'T',1,1,1,'F','BLOSUM62',0,0,0,0,3,'','F',0,0,'F',0,0,0,'D','p d i e o v b',0,'0','','','test','',1,1293,1148,10,'2009-12-14 09:24:17',6763,8545,8547,19551,3611,200,'0000-00-00 00:00:00'),(9,1,8,10,0,'T',-1,-1,0,'F',-3,1,10,5,0,'T',1,1,1,'F','BLOSUM62',0,0,0,0,3,'','F',0,0,'F',0,0,0,'D','p d i e o v b',0,'0','','','test','',1,1287,1142,10,'2009-12-14 09:25:34',6785,8570,8572,18713,3543,200,'0000-00-00 00:00:00'),(10,1,8,10,0,'T',-1,-1,0,'F',-3,1,10,5,0,'T',1,1,1,'F','BLOSUM62',0,0,0,0,3,'','F',0,0,'F',0,0,0,'D','p d i e o v b',0,'0','','','test','',1,1287,1142,10,'2009-12-14 13:42:22',14895,16011,16013,18268,3510,200,'0000-00-00 00:00:00'),(11,1,8,10,0,'T',-1,-1,0,'F',-3,1,10,5,0,'T',1,1,1,'F','BLOSUM62',0,0,0,0,3,'','F',0,0,'F',0,0,0,'D','p d i e o v b',0,'0','','','test','',1,1287,1142,10,'2009-12-14 14:07:47',15512,17921,17923,18192,3486,200,'0000-00-00 00:00:00'),(12,1,8,10,0,'T',-1,-1,0,'F',-3,1,10,5,0,'T',1,1,1,'F','BLOSUM62',0,0,0,0,3,'','F',0,0,'F',0,0,0,'D','p d i e o v b',0,'0','','','Test','',1,1287,2342,10,'2009-12-14 15:54:57',18799,0,0,0,20704,200,'0000-00-00 00:00:00'),(13,1,8,10,0,'T',-1,-1,0,'F',-3,1,10,5,0,'T',1,1,1,'F','BLOSUM62',0,0,0,0,3,'','F',0,0,'F',0,0,0,'D','p d i e o v b',0,'0','','','test','',1,1287,-58,10,'2009-12-14 15:58:59',18945,0,0,0,20748,200,'0000-00-00 00:00:00'),(14,1,8,10,0,'T',-1,-1,0,'F',-3,1,10,5,0,'T',1,1,1,'F','BLOSUM62',0,0,0,0,3,'','F',0,0,'F',0,0,0,'D','p d i e o v b',0,'0','','','test','',1,1287,1142,10,'2009-12-14 16:00:14',19037,0,0,0,20726,100,'0000-00-00 00:00:00'),(15,1,8,10,0,'T',-1,-1,0,'F',-3,1,10,5,0,'T',1,1,1,'F','BLOSUM62',0,0,0,0,3,'','F',0,0,'F',0,0,0,'D','p d i e o v b',0,'0','','','test','',1,1287,1142,10,'2009-12-14 16:32:02',20776,0,0,0,3566,200,'0000-00-00 00:00:00'),(16,1,8,10,0,'T',-1,-1,0,'F',-3,1,10,5,0,'T',1,1,1,'F','BLOSUM62',0,0,0,0,3,'','F',0,0,'F',0,0,0,'D','p d i e o v b',0,'0','','','test','',1,1287,1142,10,'2009-12-14 16:37:22',21318,18811111,0,0,3461,100,'0000-00-00 00:00:00'),(17,1,8,10,0,'T',-1,-1,0,'F',-3,1,10,5,0,'T',1,1,1,'F','BLOSUM62',0,0,0,0,3,'','F',0,0,'F',0,0,0,'D','p d i e o v b',0,'0','','','test','',1,1,-144,10,'2009-12-15 10:12:05',13325,13407,13409,0,3439,100,'0000-00-00 00:00:00'),(18,1,8,10,0,'T',-1,-1,0,'F',-3,1,10,5,0,'T',1,1,1,'F','BLOSUM62',0,0,0,0,3,'','F',0,0,'F',0,0,0,'D','p d i e o v b',0,'0','','','test','',1,1,-144,10,'2009-12-15 11:32:13',14601,15659,15661,0,3417,100,'0000-00-00 00:00:00'),(19,1,8,10,0,'T',-1,-1,0,'F',-3,1,10,5,0,'T',1,1,1,'F','BLOSUM62',0,0,0,0,3,'','F',0,0,'F',0,0,0,'D','p d i e o v b',0,'0','','','test','',1,1,-144,10,'2009-12-15 12:07:23',15764,15886,15888,0,3395,100,'0000-00-00 00:00:00'),(20,1,8,10,0,'T',-1,-1,0,'F',-3,1,10,5,0,'T',1,1,1,'F','BLOSUM62',0,0,0,0,3,'','F',0,0,'F',0,0,0,'D','p d i e o v b',0,'0','','','test','',1,1287,1142,10,'2009-12-15 12:14:32',15927,16554,16556,0,3373,100,'0000-00-00 00:00:00'),(21,1,8,10,0,'T',-1,-1,0,'F',-3,1,10,5,0,'T',1,1,1,'F','BLOSUM62',0,0,0,0,3,'','F',0,0,'F',0,0,0,'D','p d i e o v b',0,'0','','','test','',1,1287,1142,10,'2009-12-15 12:15:21',15984,16573,16575,0,3351,100,'0000-00-00 00:00:00'),(22,1,8,10,0,'T',-1,-1,0,'F',-3,1,10,5,0,'T',1,1,1,'F','BLOSUM62',0,0,0,0,3,'','F',0,0,'F',0,0,0,'D','p d i e o v b',0,'0','','','test','',1,1287,1142,10,'2009-12-15 12:16:46',15990,16587,16589,0,3329,100,'0000-00-00 00:00:00'),(23,1,8,10,0,'T',-1,-1,0,'F',-3,1,10,5,0,'T',1,1,1,'F','BLOSUM62',0,0,0,0,3,'','F',0,0,'F',0,0,0,'D','p d i e o v b',0,'0','','','test','',1,1287,-145,10,'2009-12-15 16:36:14',3663,0,0,0,3683,100,'0000-00-00 00:00:00'),(24,1,8,10,0,'T',-1,-1,0,'F',-3,1,10,5,0,'T',1,1,1,'F','BLOSUM62',0,0,0,0,3,'','F',0,0,'F',0,0,0,'D','p d i e o v b',0,'0','','','test','',1,1287,1142,10,'2009-12-15 16:36:44',3672,5049,5051,0,30764,100,'0000-00-00 00:00:00'),(25,1,8,10,0,'T',-1,-1,0,'F',-3,1,10,5,0,'T',1,1,1,'F','BLOSUM62',0,0,0,0,3,'','F',0,0,'F',0,0,0,'D','p d i e o v b',0,'0','','','test','',1,1287,1142,10,'2009-12-15 22:43:42',15624,15723,15725,0,30786,100,'0000-00-00 00:00:00'),(26,1,8,10,0,'T',-1,-1,0,'F',-3,1,10,5,0,'T',1,1,1,'F','BLOSUM62',0,0,0,0,3,'','F',0,0,'F',0,0,0,'D','p d i e o v b',0,'0','','','test','',1,1287,1142,10,'2009-12-15 22:47:39',15912,16170,16172,0,30808,100,'0000-00-00 00:00:00'),(27,1,8,10,0,'T',-1,-1,0,'F',-3,1,10,5,0,'T',1,1,1,'F','BLOSUM62',0,0,0,0,3,'','F',0,0,'F',0,0,0,'D','p d i e o v b',0,'0','','','test','',1,1287,1142,10,'2009-12-15 22:50:20',16190,16497,16499,0,30830,100,'0000-00-00 00:00:00'),(28,1,8,10,0,'T',-1,-1,0,'F',-3,1,10,5,0,'T',1,1,1,'F','BLOSUM62',0,0,0,0,3,'','F',0,0,'F',0,0,0,'D','p d i e o v b',0,'0','','','test','',1,1287,1143,10,'2009-12-15 22:53:53',16381,0,0,32620,20439,100,'0000-00-00 00:00:00'),(29,1,8,10,0,'T',-1,-1,0,'F',-3,1,10,5,0,'T',1,1,1,'F','BLOSUM62',0,0,0,0,3,'','F',0,0,'F',0,0,0,'D','p d i e o v b',0,'0','','','test4','',16,1287,1143,10,'2009-12-16 08:51:24',30848,0,0,0,28776,200,'0000-00-00 00:00:00'),(30,1,8,1e-05,0,'T',-1,-1,0,'F',-3,1,6,6,0,'T',1,1,1,'F','BLOSUM62',0,0,0,0,3,'','F',0,0,'F',0,0,0,'D','p d i e o v b',0,'0','','','retry large','',13,1946012,1945867,10,'2009-12-16 11:02:34',2701,0,0,26852,10997,200,'0000-00-00 00:00:00'),(31,2,19,10,0,'T',-1,-1,0,'F',-3,1,10,5,0,'T',1,1,1,'F','BLOSUM62',0,0,0,0,3,'','F',0,0,'F',0,0,0,'D','p d i e o v b',0,'0','','','protein_test','',12,1,-144,10,'2009-12-16 16:41:06',13280,13478,13480,0,13707,200,'0000-00-00 00:00:00'),(32,2,36,10,0,'T',-1,-1,0,'F',-3,1,10,5,0,'T',1,1,1,'F','BLOSUM62',0,0,0,0,3,'','F',0,0,'F',0,0,0,'D','p d i e o v b',0,'0','','','test2','',12,1,-144,10,'2009-12-16 16:45:48',13502,0,0,0,13685,200,'0000-00-00 00:00:00'),(33,4,34,10,0,'T',-1,-1,0,'F',-3,1,10,5,0,'T',1,1,1,'F','BLOSUM62',0,0,0,0,3,'','F',0,0,'F',0,0,0,'D','p d i e o v b',0,'0','','','','',12,1,-144,10,'2009-12-16 16:48:39',13640,0,0,0,13663,200,'0000-00-00 00:00:00'),(34,4,35,10,0,'T',-1,-1,0,'F',-3,1,10,5,0,'T',1,1,1,'F','BLOSUM62',0,0,0,0,3,'','F',0,0,'F',0,0,0,'D','p d i e o v b',0,'0','','','queen_test','',12,1,-144,10,'2009-12-16 16:49:41',13725,13786,13788,0,15185,200,'0000-00-00 00:00:00'),(35,1,8,1e-05,0,'T',-1,-1,0,'F',-3,1,5,5,0,'T',1,1,1,'F','BLOSUM62',0,0,0,0,3,'','F',0,0,'F',0,0,0,'D','p d i e o v b',0,'0','','','Ribo_nr','',13,1946012,115055,10,'2009-12-16 18:19:32',17368,0,0,0,18123,200,'0000-00-00 00:00:00'),(36,1,8,1e-05,0,'T',-1,-1,0,'F',-3,1,5,5,0,'T',1,1,1,'F','BLOSUM62',0,0,0,0,3,'','F',0,0,'F',0,0,0,'D','p d i e o v b',0,'0','','','For_nr','',13,1444226,1444081,10,'2009-12-16 18:34:21',17942,0,0,26855,11034,200,'0000-00-00 00:00:00'),(37,1,8,10,0,'T',-1,-1,0,'F',-3,1,10,5,0,'T',1,1,1,'F','BLOSUM62',0,0,0,0,3,'','F',0,0,'F',0,0,0,'D','p d i e o v b',0,'0','','','test','',1,1287,1151,10,'2009-12-17 10:50:05',25176,0,0,0,11061,200,'0000-00-00 00:00:00'),(38,3,19,10,0,'T',-1,-1,0,'F',-3,1,10,5,0,'T',1,1,1,'F','BLOSUM62',0,0,0,0,3,'','F',0,0,'F',0,0,0,'D','p d i e o v b',0,'0','','','MID1','',10,37283,37139,10,'2009-12-18 09:27:54',15612,0,0,0,2843,200,'0000-00-00 00:00:00'),(39,3,19,10,0,'T',-1,-1,0,'F',-3,1,10,5,0,'T',1,1,1,'F','BLOSUM62',0,0,0,0,3,'','F',0,0,'F',0,0,0,'D','p d i e o v b',0,'0','','','MID2','',10,50926,50782,10,'2009-12-18 09:29:32',15620,0,0,0,11092,200,'0000-00-00 00:00:00'),(40,3,19,10,0,'T',-1,-1,0,'F',-3,1,10,5,0,'T',1,1,1,'F','BLOSUM62',0,0,0,0,3,'','F',0,0,'F',0,0,0,'D','p d i e o v b',0,'0','','','MID3','',10,39840,39696,10,'2009-12-18 09:30:13',15743,0,0,0,11128,200,'0000-00-00 00:00:00'),(41,3,19,10,0,'T',-1,-1,0,'F',-3,1,10,5,0,'T',1,1,1,'F','BLOSUM62',0,0,0,0,3,'','F',0,0,'F',0,0,0,'D','p d i e o v b',0,'0','','','MID4','',10,71536,71392,10,'2009-12-18 09:31:02',16357,0,0,0,11247,200,'0000-00-00 00:00:00'),(42,1,8,10,0,'T',-1,-1,0,'F',-3,1,10,5,0,'T',1,1,1,'F','BLOSUM62',0,0,0,0,3,'','F',0,0,'F',0,0,0,'D','p d i e o v b',0,'0','','','test','',10,1,-145,10,'2009-12-18 15:50:02',32350,0,0,0,8828,200,'0000-00-00 00:00:00'),(43,1,8,1e-05,0,'T',-1,-1,0,'F',-3,1,5,5,0,'T',1,1,1,'F','BLOSUM62',0,0,0,0,3,'','F',0,0,'F',0,0,0,'D','p d i e o v b',0,'0','','','velvet_contigs_100+','',13,12133,11989,10,'2009-12-20 14:47:02',12898,0,0,13998,11312,200,'0000-00-00 00:00:00'),(44,1,8,1e-05,0,'T',-1,-1,0,'F',-3,1,5,5,0,'T',1,1,1,'F','BLOSUM62',0,0,0,0,3,'','F',0,0,'F',0,0,0,'D','p d i e o v b',0,'0','','','velvet_contigs_ribo_100+','',13,20568,20424,10,'2009-12-20 15:17:28',14348,0,0,15544,11335,200,'0000-00-00 00:00:00'),(45,3,19,10,0,'T',-1,-1,0,'F',-3,1,10,5,0,'T',1,1,1,'F','BLOSUM62',0,0,0,0,3,'','F',0,0,'F',0,0,0,'D','p d i e o v b',0,'0','','','MID1_A','',10,37283,-144,10,'2009-12-20 20:32:52',26147,0,0,0,8466,200,'0000-00-00 00:00:00'),(46,3,19,10,0,'T',-1,-1,0,'F',-3,1,10,5,0,'T',1,1,1,'F','BLOSUM62',0,0,0,0,3,'','F',0,0,'F',0,0,0,'D','p d i e o v b',0,'0','','','MID2_A','',10,50926,50782,10,'2009-12-20 20:37:56',26326,0,0,0,11361,200,'0000-00-00 00:00:00'),(47,3,19,10,0,'T',-1,-1,0,'F',-3,1,10,5,0,'T',1,1,1,'F','BLOSUM62',0,0,0,0,3,'','F',0,0,'F',0,0,0,'D','p d i e o v b',0,'0','','','MID3_A','',10,39840,39696,10,'2009-12-20 20:42:01',26511,0,0,0,11383,200,'0000-00-00 00:00:00'),(48,3,19,10,0,'T',-1,-1,0,'F',-3,1,10,5,0,'T',1,1,1,'F','BLOSUM62',0,0,0,0,3,'','F',0,0,'F',0,0,0,'D','p d i e o v b',0,'0','','','MID4_A','',10,71536,71392,10,'2009-12-20 20:49:12',26764,0,0,0,11406,200,'0000-00-00 00:00:00'),(49,1,35,10,0,'T',-1,-1,0,'F',-3,1,10,5,0,'T',1,1,1,'F','BLOSUM62',0,0,0,0,3,'','F',0,0,'F',0,0,0,'D','p d i e o v b',0,'0','','','armc4-cdna','',15,1,-143,10,'2009-12-21 10:52:10',31999,0,0,0,11428,200,'0000-00-00 00:00:00'),(50,1,8,1e-06,0,'T',-1,-1,0,'F',-3,1,5,5,0,'T',1,1,1,'F','BLOSUM62',0,0,0,0,3,'','F',0,0,'F',0,0,0,'D','p d i e o v b',0,'0','','','For_28S_contigs','',13,2203,2059,10,'2009-12-21 11:18:54',909,0,0,10863,11450,200,'0000-00-00 00:00:00'),(51,1,8,1e-06,0,'T',-1,-1,0,'F',-3,1,5,5,0,'T',1,1,1,'F','BLOSUM62',0,0,0,0,3,'','F',0,0,'F',0,0,0,'D','p d i e o v b',0,'0','','','ribo_contigs_28S','',13,2442,2298,10,'2009-12-21 11:19:46',925,0,0,7157,11473,200,'0000-00-00 00:00:00'),(52,1,35,10,0,'T',-1,-1,0,'F',-3,1,10,5,0,'T',1,1,1,'F','BLOSUM62',0,0,0,0,3,'','F',0,0,'F',0,0,0,'D','p d i e o v b',0,'0','','','ache_nm','',15,1,-143,10,'2009-12-21 14:31:28',13617,0,0,0,11495,200,'0000-00-00 00:00:00'),(53,1,8,10,0,'T',-1,-1,0,'F',-3,1,10,5,0,'T',1,1,1,'F','BLOSUM62',0,0,0,0,3,'','F',0,0,'F',0,0,0,'D','p d i e o v b',0,'0','','','test','',1,1,-143,10,'2009-12-22 12:45:05',26123,0,0,0,22464,200,'0000-00-00 00:00:00'),(54,1,9,10,0,'T',-1,-1,0,'F',-3,1,5,5,0,'T',1,1,1,'F','BLOSUM62',0,0,0,0,3,'','F',0,0,'F',0,0,0,'D','p d i e o v b',0,'0','','','MID1_B','',10,37283,37139,10,'2009-12-22 17:55:47',10653,0,0,0,11517,200,'0000-00-00 00:00:00'),(55,1,8,10,0,'T',-1,-1,0,'F',-3,1,5,5,0,'T',1,1,1,'F','BLOSUM62',0,0,0,0,3,'','F',0,0,'F',0,0,0,'D','p d i e o v b',0,'0','','','MID2_B','',10,50926,50782,10,'2009-12-22 18:00:54',10948,0,0,0,11539,200,'0000-00-00 00:00:00'),(56,1,8,1e-06,0,'T',-1,-1,0,'F',-3,1,5,2,0,'T',1,1,1,'F','BLOSUM62',0,0,0,0,3,'','F',0,0,'F',0,0,0,'D','p d i e o v b',0,'0','','','Abyss contigs For','',13,179165,179021,10,'2009-12-29 17:34:04',9280,0,0,19950,11568,200,'0000-00-00 00:00:00'),(57,1,8,1e-06,0,'T',-1,-1,0,'F',-3,1,5,2,0,'T',1,1,1,'F','BLOSUM62',0,0,0,0,3,'','F',0,0,'F',0,0,0,'D','p d i e o v b',0,'0','','','Abyss contigs Ribo-','',13,189331,189187,10,'2009-12-29 17:34:44',9343,0,0,19954,11590,200,'0000-00-00 00:00:00'),(58,1,34,1e-06,0,'T',-1,-1,0,'F',-3,1,3,3,0,'T',1,1,1,'F','BLOSUM62',0,0,0,0,3,'','F',0,0,'F',0,0,0,'D','p d i e o v b',0,'0','','','For-abysscontigs-28S vs contigs4','',13,11672,11528,10,'2010-01-04 15:08:06',10683,0,0,11887,11613,200,'0000-00-00 00:00:00'),(59,1,34,1e-06,0,'T',-1,-1,0,'F',-3,1,3,3,0,'T',1,1,1,'F','BLOSUM62',0,0,0,0,3,'','F',0,0,'F',0,0,0,'D','p d i e o v b',0,'0','','','Ribo-abysscontigs-28S vs contigs4','',13,12337,12193,10,'2010-01-04 15:08:43',10690,0,0,11878,11635,200,'0000-00-00 00:00:00'),(60,1,34,1e-06,8,'T',-1,-1,0,'F',-3,1,3,3,0,'T',1,1,1,'F','BLOSUM62',0,0,0,0,3,'','F',0,0,'F',0,0,0,'D','p d i e o v b',0,'0','','','For-abysscontigs-28S vs contigs4 tabular','',13,11672,11528,10,'2010-01-04 15:54:40',12866,0,0,0,13327,200,'0000-00-00 00:00:00'),(61,1,34,1e-06,7,'T',-1,-1,0,'F',-3,1,3,3,0,'T',1,1,1,'F','BLOSUM62',0,0,0,0,3,'','F',0,0,'F',0,0,0,'D','p d i e o v b',0,'0','','','For-abysscontigs-28S vs contigs4 XML','',13,11672,11528,10,'2010-01-04 15:56:08',12950,0,0,0,13305,200,'0000-00-00 00:00:00'),(62,1,34,1e-06,8,'T',-1,-1,0,'F',-3,1,2,2,0,'T',1,1,1,'F','BLOSUM62',0,0,0,0,3,'','F',0,0,'F',0,0,0,'D','p d i e o m v b',0,'0','','','For-abysscontigs-28S vs contigs4 XML','',13,11672,11528,10,'2010-01-04 16:02:11',13294,0,0,17604,11661,200,'0000-00-00 00:00:00'),(63,1,34,1e-06,7,'T',-1,-1,0,'F',-3,1,2,2,0,'T',1,1,1,'F','BLOSUM62',0,0,0,0,3,'','F',0,0,'F',0,0,0,'D','p d i e o m v b',0,'0','','','For-abysscontigs-28S vs contigs4 really XML','',13,11672,11528,10,'2010-01-04 16:06:58',13600,0,0,17595,11683,200,'0000-00-00 00:00:00'),(64,1,32,10,8,'F',-1,-1,0,'F',-3,1,10,5,0,'T',1,1,1,'F','BLOSUM62',0,0,0,0,3,'','F',0,0,'F',0,0,0,'D','p d i e o m FU',0,'0','','','ESTs','',12,78191,78047,10,'2010-01-04 16:36:49',14981,0,0,0,334,200,'0000-00-00 00:00:00'),(65,1,8,1e-06,8,'T',-1,-1,0,'F',-3,1,3,3,0,'T',1,1,1,'F','BLOSUM62',0,0,0,0,3,'','F',0,0,'F',0,0,0,'D','p d i e o m v b',0,'0','','','For-abysscontigs-28S vs nr/nt','',13,11672,11528,10,'2010-01-04 18:35:00',20743,0,0,6323,11708,200,'0000-00-00 00:00:00'),(66,1,8,1e-06,8,'T',-1,-1,0,'F',-3,1,3,3,0,'T',1,1,1,'F','BLOSUM62',0,0,0,0,3,'','F',0,0,'F',0,0,0,'D','p d i e o m v b',0,'0','','','Ribo-abysscontigs-28S vs nr/nt','',13,12337,12193,10,'2010-01-04 18:35:51',20803,0,0,6332,11749,200,'0000-00-00 00:00:00'),(67,1,34,1e-06,8,'T',-1,-1,0,'F',-3,1,3,3,0,'T',1,1,1,'F','BLOSUM62',0,0,0,0,3,'','F',0,0,'F',0,0,0,'D','p d i e o m v b',0,'0','','','Ribo-abysscontigs-28S vs contigs4 tabular','',13,12337,12193,10,'2010-01-04 18:37:22',20868,0,0,6338,11771,200,'0000-00-00 00:00:00'),(68,1,8,10,0,'T',-1,-1,0,'F',-3,1,10,5,0,'T',1,1,1,'F','BLOSUM62',0,0,0,0,3,'','F',0,0,'F',0,0,0,'D','p d i e o v b',0,'0','','','test','',1,1287,1143,10,'2010-01-05 15:29:02',15806,0,0,0,11793,200,'0000-00-00 00:00:00'),(69,3,19,10,0,'T',-1,-1,0,'F',-3,1,10,5,0,'T',1,1,1,'F','BLOSUM62',0,0,0,0,3,'','F',0,0,'F',0,0,0,'D','p d i e o v b',0,'0','','','MID1_Blastx','',10,37283,-144,10,'2010-01-05 16:05:47',18116,0,0,0,8393,200,'0000-00-00 00:00:00'),(70,1,33,10,0,'F',-1,-1,0,'F',-3,1,10,5,0,'T',1,1,1,'F','BLOSUM62',0,0,0,0,3,'','F',0,0,'T',0,0,0,'D','p d i e o FU',0,'0','','','Oligo','',12,13440,13296,10,'2010-01-05 19:58:37',30467,0,0,8886,11816,200,'0000-00-00 00:00:00'),(71,1,37,1e-06,0,'T',-1,-1,0,'F',-3,1,3,3,0,'T',1,1,1,'F','BLOSUM62',0,0,0,0,3,'','F',0,0,'F',0,0,0,'D','p d i e o v b',0,'0','','','For_all_abyss45 vs v2_scaffold pairwise','',13,179165,179021,10,'2010-01-06 16:00:04',25868,0,0,29385,11838,200,'0000-00-00 00:00:00'),(72,1,37,1e-06,0,'T',-1,-1,0,'F',-3,1,3,3,0,'T',1,1,1,'F','BLOSUM62',0,0,0,0,3,'','F',0,0,'F',0,0,0,'D','p d i e o v b',0,'0','','','Ribo_all_abyss45 vs v2_scaffold pairwise','',13,189331,189187,10,'2010-01-06 16:00:37',25895,0,0,29371,11860,200,'0000-00-00 00:00:00'),(73,1,37,1e-06,8,'T',-1,-1,0,'F',-3,1,1,1,0,'T',1,1,1,'F','BLOSUM62',0,0,0,0,3,'','F',0,0,'F',0,0,0,'D','p d i e o m v b',0,'0','','','For_all_abyss45 vs v2_scaffold tabular','',13,179165,179021,10,'2010-01-06 16:01:21',25974,0,0,29364,11882,200,'0000-00-00 00:00:00'),(74,1,37,1e-06,8,'T',-1,-1,0,'F',-3,1,1,1,0,'T',1,1,1,'F','BLOSUM62',0,0,0,0,3,'','F',0,0,'F',0,0,0,'D','p d i e o m v b',0,'0','','','Ribo_all_abyss45 vs v2_scaffold tabular','',13,189331,189187,10,'2010-01-06 16:02:00',25982,0,0,29354,11904,200,'0000-00-00 00:00:00'),(75,1,37,10,0,'T',-1,-1,0,'F',-3,1,10,5,0,'T',1,1,1,'F','BLOSUM62',0,0,0,0,3,'','F',0,0,'F',0,0,0,'D','p d i e o v b',0,'0','','','JDE_EST','',12,79,-65,10,'2010-01-06 16:45:14',478,0,0,8877,11926,200,'0000-00-00 00:00:00'),(76,1,37,10,0,'T',-1,-1,0,'F',-3,1,10,5,0,'T',1,1,1,'F','BLOSUM62',0,0,0,0,3,'','F',0,0,'F',0,0,0,'D','p d i e o v b',0,'0','','','UI_EST','',12,2271,2127,10,'2010-01-06 16:45:52',543,0,0,0,11948,200,'0000-00-00 00:00:00'),(77,1,37,10,0,'T',-1,-1,0,'F',-3,1,10,10,0,'T',1,1,1,'F','BLOSUM62',0,0,0,0,3,'','F',0,0,'F',0,0,0,'D','p d i e o v b',0,'0','','','NCBI_EST','',12,78191,78047,10,'2010-01-06 16:46:50',554,0,0,8893,11971,200,'0000-00-00 00:00:00'),(78,1,8,10,0,'T',-1,-1,0,'F',-3,1,10,5,0,'T',1,1,1,'F','BLOSUM62',0,0,0,0,3,'','F',0,0,'F',0,0,0,'D','p d i e o v b',0,'0','','','test','',1,1,-143,10,'2010-01-13 16:32:29',8114,0,0,0,18149,200,'0000-00-00 00:00:00'),(79,3,19,10,0,'T',-1,-1,0,'F',-3,1,10,5,0,'T',1,1,1,'F','BLOSUM62',0,0,0,0,3,'','F',0,0,'F',0,0,0,'D','p d i e o v b',0,'0','','','decatur all sequences above 100','',16,2587800,-144,10,'2010-01-14 13:27:00',14792,0,0,0,17275,200,'0000-00-00 00:00:00'),(80,3,19,0.01,8,'T',-1,-1,0,'F',-3,1,10,25,0,'T',1,1,1,'F','BLOSUM62',0,0,0,0,3,'','F',0,0,'F',0,0,0,'D','p d i e o m b',0,'0','','','Decatur_all_reads_above_100bp_vs_nr','',16,2904460,2087056,10,'2010-01-14 13:46:05',16124,0,0,0,6605,200,'0000-00-00 00:00:00'),(81,3,19,0.01,9,'T',-1,-1,0,'F',-3,1,10,10,0,'T',1,1,1,'F','BLOSUM62',0,0,0,0,3,'','F',0,0,'F',0,0,0,'D','p d i e o m v b',0,'0','','','test','',16,2,-141,10,'2010-01-20 09:02:01',17943,0,0,0,28731,200,'0000-00-00 00:00:00'),(82,3,19,10,8,'T',-1,-1,0,'F',-3,1,10,25,0,'T',1,1,1,'F','BLOSUM62',0,0,0,0,3,'','F',0,0,'F',0,0,0,'D','p d i e o m b',0,'0','','','test2','',16,4,-139,10,'2010-01-20 09:20:16',18752,0,0,0,28753,200,'0000-00-00 00:00:00'),(83,3,19,10,0,'T',-1,-1,0,'F',-3,1,25,25,0,'T',1,1,1,'F','BLOSUM62',0,0,0,0,3,'','F',0,0,'F',0,0,0,'D','p d i e o m v b',0,'0','','','test3','',16,4,-139,10,'2010-01-20 09:29:01',18909,0,0,0,11993,200,'0000-00-00 00:00:00'),(84,3,19,0.01,0,'T',-1,-1,0,'F',-3,1,5,5,0,'T',1,1,1,'F','BLOSUM62',0,0,0,0,3,'','F',0,0,'F',0,0,0,'D','p d i e o m v b',0,'0','','','Decatur_all_reads_above_100bp_vs_nr','',16,2904460,2904317,10,'2010-01-20 15:10:26',28716,0,0,0,12019,200,'0000-00-00 00:00:00'),(85,1,8,1e-06,8,'T',-1,-1,0,'F',-3,1,10,5,0,'T',1,1,1,'F','BLOSUM62',0,0,0,0,3,'','F',0,0,'F',0,0,0,'D','p d i e o m',0,'0','','','309 +','',13,135111,-143,10,'2010-01-25 11:56:46',28543,0,0,0,4098,200,'0000-00-00 00:00:00'),(86,1,8,1e-06,8,'T',-1,-1,0,'F',-3,1,10,5,0,'T',1,1,1,'F','BLOSUM62',0,0,0,0,3,'','F',0,0,'F',0,0,0,'D','p d i e o m',0,'0','','','309 -','',13,115113,-143,10,'2010-01-25 11:59:15',28615,0,0,0,4050,200,'0000-00-00 00:00:00'),(87,1,8,1e-06,8,'T',-1,-1,0,'F',-3,1,10,5,0,'T',1,1,1,'F','BLOSUM62',0,0,0,0,3,'','F',0,0,'F',0,0,0,'D','p d i e o m',0,'0','','','364 +','',13,123165,-143,10,'2010-01-25 12:00:19',28915,0,0,0,4072,200,'0000-00-00 00:00:00'),(88,1,8,1e-06,8,'T',-1,-1,0,'F',-3,1,10,5,0,'T',1,1,1,'F','BLOSUM62',0,0,0,0,3,'','F',0,0,'F',0,0,0,'D','p d i e o m',0,'0','','','364 -','',13,106935,-143,10,'2010-01-25 12:00:48',28921,0,0,0,4028,200,'0000-00-00 00:00:00'),(89,1,8,-6,0,'T',-1,-1,0,'F',-3,1,2,2,0,'T',1,1,1,'F','BLOSUM62',0,0,0,0,3,'','F',0,0,'F',0,0,0,'D','p d i e o m v b',0,'0','','','s_1_1_novo vs nt','',13,793200,758857,10,'2010-01-28 14:54:12',657,0,0,0,890,200,'0000-00-00 00:00:00'),(90,1,8,-6,0,'T',-1,-1,0,'F',-3,1,2,2,0,'T',1,1,1,'F','BLOSUM62',0,0,0,0,3,'','F',0,0,'F',0,0,0,'D','p d i e o m v b',0,'0','','','s_2_1_novo vs nt','',13,203200,177657,10,'2010-01-28 14:55:34',820,0,0,0,846,200,'0000-00-00 00:00:00'),(91,1,8,-6,0,'T',-1,-1,0,'F',-3,1,2,2,0,'T',1,1,1,'F','BLOSUM62',0,0,0,0,3,'','F',0,0,'F',0,0,0,'D','p d i e o v b',0,'0','','','s_1_1_novo vs nt','',13,549400,509457,10,'2010-01-28 14:57:14',869,0,0,0,1293,200,'0000-00-00 00:00:00'),(92,1,8,-6,0,'T',-1,-1,0,'F',-3,1,10,5,0,'T',1,1,1,'F','BLOSUM62',0,0,0,0,3,'','F',0,0,'F',0,0,0,'D','p d i e o v b',0,'0','','','test','',13,1127600,621257,10,'2010-01-28 14:59:24',915,0,0,0,1547,200,'0000-00-00 00:00:00'),(93,1,8,10,0,'T',-1,-1,0,'F',-3,1,10,5,0,'T',1,1,1,'F','BLOSUM62',0,0,0,0,3,'','F',0,0,'F',0,0,0,'D','p d i e o v b',0,'0','','','s_1_1_novo vs nt','',13,6214780,26657,10,'2010-01-28 15:03:07',1213,0,0,0,2518,200,'0000-00-00 00:00:00'),(94,1,8,1e-06,0,'T',-1,-1,0,'F',-3,1,2,2,0,'T',1,1,1,'F','BLOSUM62',0,0,0,0,3,'','F',0,0,'F',0,0,0,'D','p d i e o m v b',0,'0','','','s_1_1_novo vs nt','',13,6214780,6214637,10,'2010-01-28 15:09:01',1533,0,0,10259,12045,200,'0000-00-00 00:00:00'),(95,1,8,1e-06,0,'T',-1,-1,0,'F',-3,1,2,2,0,'T',1,1,1,'F','BLOSUM62',0,0,0,0,3,'','F',0,0,'F',0,0,0,'D','p d i e o m v b',0,'0','','','s_2_1_novo vs nt','',13,6136574,6136431,10,'2010-01-28 15:13:01',1700,0,0,29150,12069,200,'0000-00-00 00:00:00'),(96,1,8,1e-06,0,'T',-1,-1,0,'F',-3,1,2,2,0,'T',1,1,1,'F','BLOSUM62',0,0,0,0,3,'','F',0,0,'F',0,0,0,'D','p d i e o m v b',0,'0','','','s_3_1_novo vs nt','',13,5774575,5774432,10,'2010-01-28 15:21:43',2131,0,0,29153,12111,200,'0000-00-00 00:00:00'),(97,1,8,1e-06,0,'T',-1,-1,0,'F',-3,1,2,2,0,'T',1,1,1,'F','BLOSUM62',0,0,0,0,3,'','F',0,0,'F',0,0,0,'D','p d i e o m v b',0,'0','','','s_5_1_novo vs nt','',13,5577776,5577633,10,'2010-01-28 15:23:01',2148,0,0,11785,12133,200,'0000-00-00 00:00:00'),(98,1,32,1e-06,8,'T',-1,-1,0,'F',-3,1,1,1,0,'T',1,1,1,'F','BLOSUM62',0,0,0,0,3,'','F',0,0,'F',0,0,0,'D','p d i e o m v b',0,'0','','','309_1_abyss40 vs asmbly2','',13,179182,179039,10,'2010-01-28 15:26:16',2282,0,0,30951,12155,200,'0000-00-00 00:00:00'),(99,1,32,1e-06,8,'T',-1,-1,0,'F',-3,1,1,1,0,'T',1,1,1,'F','BLOSUM62',0,0,0,0,3,'','F',0,0,'F',0,0,0,'D','p d i e o m v b',0,'0','','','309_2_abyss40 vs asmbly2','',13,157520,157377,10,'2010-01-28 15:27:05',2293,0,0,31884,12180,200,'0000-00-00 00:00:00'),(100,1,32,1e-06,8,'T',-1,-1,0,'F',-3,1,1,1,0,'T',1,1,1,'F','BLOSUM62',0,0,0,0,3,'','F',0,0,'F',0,0,0,'D','p d i e o m v b',0,'0','','','364_1_abyss40 vs asmbly2','',13,163379,163236,10,'2010-01-28 15:27:58',2301,0,0,10262,13096,200,'0000-00-00 00:00:00'),(101,1,32,1e-06,8,'T',-1,-1,0,'F',-3,1,1,1,0,'T',1,1,1,'F','BLOSUM62',0,0,0,0,3,'','F',0,0,'F',0,0,0,'D','p d i e o m v b',0,'0','','','364_2_abyss40 vs asmbly2','',13,146652,146509,10,'2010-01-28 15:28:30',2308,0,0,5648,13074,200,'0000-00-00 00:00:00'),(102,1,8,1e-06,8,'T',-1,-1,0,'F',-3,1,1,1,0,'T',1,1,1,'F','BLOSUM62',0,0,0,0,3,'','F',0,0,'F',0,0,0,'D','p d i e o m v b',0,'0','','','364_2_abyss40 vs nt','',13,146652,-143,10,'2010-02-01 10:15:16',31272,0,0,0,8324,200,'0000-00-00 00:00:00'),(103,1,8,10,8,'T',-1,-1,0,'F',-3,1,1,1,0,'T',1,1,1,'F','BLOSUM62',0,0,0,0,3,'','F',0,0,'F',0,0,0,'D','p d i e o m v b',0,'0','','','364_1_abyss40 vs nt','',13,163379,-143,10,'2010-02-01 10:15:43',31279,0,0,0,8346,200,'0000-00-00 00:00:00'),(104,1,8,1e-06,8,'T',-1,-1,0,'F',-3,1,1,1,0,'T',1,1,1,'F','BLOSUM62',0,0,0,0,3,'','F',0,0,'F',0,0,0,'D','p d i e o m v b',0,'0','','','309_2_abyss40 vs nt','',13,157520,-143,10,'2010-02-01 10:16:24',31285,0,0,0,8368,200,'0000-00-00 00:00:00'),(105,1,8,1e-06,8,'T',-1,-1,0,'F',-3,1,1,1,0,'T',1,1,1,'F','BLOSUM62',0,0,0,0,3,'','F',0,0,'F',0,0,0,'D','p d i e o m v b',0,'0','','','309_1_abyss40 vs nt','',13,179182,-143,10,'2010-02-01 10:16:50',31292,0,0,0,8468,200,'0000-00-00 00:00:00'),(106,3,19,10,0,'T',-1,-1,0,'F',-3,1,3,3,0,'T',1,1,1,'F','BLOSUM62',0,0,0,0,3,'','F',0,0,'F',0,0,0,'D','p d i e o v b',0,'0','','','nifh','',19,27781,27638,10,'2010-02-03 10:06:07',11743,0,0,0,3805,200,'0000-00-00 00:00:00'),(107,1,8,1e-06,8,'T',-1,-1,0,'F',-3,1,1,1,0,'T',1,1,1,'F','BLOSUM62',0,0,0,0,3,'','F',0,0,'F',0,0,0,'D','p d i e o m v b',0,'0','','','309_1_abyss40 vs asmbly2','',13,179182,179039,10,'2010-02-03 10:25:37',12293,0,0,27260,3835,200,'0000-00-00 00:00:00'),(108,1,8,1e-06,8,'T',-1,-1,0,'F',-3,1,1,1,0,'T',1,1,1,'F','BLOSUM62',0,0,0,0,3,'','F',0,0,'F',0,0,0,'D','p d i e o m v b',0,'0','','','309_2_abyss40 vs asmbly2','',13,157520,157377,10,'2010-02-03 10:26:02',12298,0,0,27251,3861,200,'0000-00-00 00:00:00'),(109,1,8,1e-06,8,'T',-1,-1,0,'F',-3,1,1,1,0,'T',1,1,1,'F','BLOSUM62',0,0,0,0,3,'','F',0,0,'F',0,0,0,'D','p d i e o m v b',0,'0','','','364_1_abyss40 vs asmbly2','',13,163379,163236,10,'2010-02-03 10:26:28',12303,0,0,28003,3887,200,'0000-00-00 00:00:00'),(110,1,8,1e-06,8,'T',-1,-1,0,'F',-3,1,1,1,0,'T',1,1,1,'F','BLOSUM62',0,0,0,0,3,'','F',0,0,'F',0,0,0,'D','p d i e o m v b',0,'0','','','364_2_abyss40 vs asmbly2','',13,146652,146509,10,'2010-02-03 10:27:11',12309,0,0,28010,3915,200,'0000-00-00 00:00:00'),(111,3,19,10,0,'T',-1,-1,0,'F',-3,1,3,3,0,'T',1,1,1,'F','BLOSUM62',0,0,0,0,3,'','F',0,0,'F',0,0,0,'D','p d i e o v b',0,'0','','','nosz','',19,28819,28676,10,'2010-02-03 10:31:20',12408,0,0,0,3945,200,'0000-00-00 00:00:00'),(112,3,19,10,0,'T',-1,-1,0,'F',-3,1,3,3,0,'T',1,1,1,'F','BLOSUM62',0,0,0,0,3,'','F',0,0,'F',0,0,0,'D','p d i e o v b',0,'0','','','arch','',19,16226,16083,10,'2010-02-03 10:31:56',12413,0,0,0,3971,200,'0000-00-00 00:00:00'),(113,3,19,10,0,'T',-1,-1,0,'F',-3,1,3,3,0,'T',1,1,1,'F','BLOSUM62',0,0,0,0,3,'','F',0,0,'F',0,0,0,'D','p d i e o v b',0,'0','','','bact','',19,27874,27731,10,'2010-02-03 10:32:22',12417,0,0,0,3997,200,'0000-00-00 00:00:00'),(114,3,19,10,0,'T',-1,-1,0,'F',-3,1,10,5,0,'T',1,1,1,'F','BLOSUM62',0,0,0,0,3,'','F',0,0,'F',0,0,0,'D','p d i e o v b',0,'0','','','RotundataX','',10,42022,41879,10,'2010-02-06 14:39:37',13385,0,0,0,18164,200,'0000-00-00 00:00:00'),(115,1,9,10,0,'T',-1,-1,0,'F',-3,1,10,5,0,'T',1,1,1,'F','BLOSUM62',0,0,0,0,3,'','F',0,0,'F',0,0,0,'D','p d i e o v b',0,'0','','','RotundataRef','',10,42022,41879,10,'2010-02-06 14:41:59',13457,0,0,844,3964,200,'0000-00-00 00:00:00'),(116,1,5,10,0,'T',-1,-1,0,'F',-3,1,10,5,0,'T',1,1,1,'F','BLOSUM62',0,0,0,0,3,'','F',0,0,'F',0,0,0,'D','p d i e o v b',0,'0','','','arch','',19,484,341,10,'2010-02-08 09:11:38',24753,0,0,0,4027,200,'0000-00-00 00:00:00'),(117,1,5,10,0,'T',-1,-1,0,'F',-3,1,10,5,0,'T',1,1,1,'F','BLOSUM62',0,0,0,0,3,'','F',0,0,'F',0,0,0,'D','p d i e o v b',0,'0','','','bact','',19,493,350,10,'2010-02-08 09:11:56',24758,0,0,0,4053,200,'0000-00-00 00:00:00'),(118,1,5,10,0,'T',-1,-1,0,'F',-3,1,10,5,0,'T',1,1,1,'F','BLOSUM62',0,0,0,0,3,'','F',0,0,'F',0,0,0,'D','p d i e o v b',0,'0','','','ceb','',19,476,333,10,'2010-02-08 09:12:15',24764,0,0,0,4079,200,'0000-00-00 00:00:00'),(119,1,8,10,0,'T',-1,-1,0,'F',-3,1,10,5,0,'T',1,1,1,'F','BLOSUM62',0,0,0,0,3,'','F',0,0,'F',0,0,0,'D','p d i e o v b',0,'0','','','fungi_nt','',19,995,852,10,'2010-02-08 09:13:02',24771,0,0,0,4105,200,'0000-00-00 00:00:00'),(120,1,8,10,0,'T',-1,-1,0,'F',-3,1,10,5,0,'T',1,1,1,'F','BLOSUM62',0,0,0,0,3,'','F',0,0,'F',0,0,0,'D','p d i e o v b',0,'0','','','arch_nt','',19,484,341,10,'2010-02-08 09:13:18',24776,0,0,0,4135,200,'0000-00-00 00:00:00'),(121,1,8,10,0,'T',-1,-1,0,'F',-3,1,10,5,0,'T',1,1,1,'F','BLOSUM62',0,0,0,0,3,'','F',0,0,'F',0,0,0,'D','p d i e o v b',0,'0','','','bact_nt','',19,493,350,10,'2010-02-08 09:13:34',24780,0,0,0,4174,200,'0000-00-00 00:00:00'),(122,1,8,10,0,'T',-1,-1,0,'F',-3,1,10,5,0,'T',1,1,1,'F','BLOSUM62',0,0,0,0,3,'','F',0,0,'F',0,0,0,'D','p d i e o v b',0,'0','','','ceb_nt','',19,476,333,10,'2010-02-08 09:13:48',24784,0,0,0,4201,200,'0000-00-00 00:00:00'),(123,1,8,10,0,'T',-1,-1,0,'F',-3,1,10,5,0,'T',1,1,1,'F','BLOSUM62',0,0,0,0,3,'','F',0,0,'F',0,0,0,'D','p d i e o v b',0,'0','','','fungi_nt','',19,995,852,10,'2010-02-08 10:03:27',26354,0,0,0,4232,200,'0000-00-00 00:00:00'),(124,1,8,10,0,'T',-1,-1,0,'F',-3,1,10,5,0,'T',1,1,1,'F','BLOSUM62',0,0,0,0,3,'','F',0,0,'F',0,0,0,'D','p d i e o m v b CU',0,'0','','','020810_blast_index1','',20,74,-69,10,'2010-02-08 15:12:29',3693,0,0,0,4468,200,'0000-00-00 00:00:00'),(125,4,8,10,0,'T',-1,-1,0,'F',-3,1,10,5,0,'T',1,1,1,'F','BLOSUM62',0,0,0,0,3,'','F',0,0,'F',0,0,0,'D','p d i e o v b',0,'0','','','020810_jinBlast_index1','',20,74,-68,10,'2010-02-08 15:21:00',4568,0,0,0,5360,200,'0000-00-00 00:00:00'),(126,1,8,10,0,'T',-1,-1,0,'F',-3,1,10,5,0,'T',1,1,1,'F','BLOSUM62',0,0,0,0,3,'','F',0,0,'F',0,0,0,'D','p d i e o v b',0,'0','','','020810_jinBlast_index1','',20,74,-64,10,'2010-02-08 15:29:47',5378,0,0,0,4318,200,'0000-00-00 00:00:00'),(127,1,8,10,0,'T',-1,-1,0,'F',-3,1,10,5,0,'T',1,1,1,'F','BLOSUM62',0,0,0,0,3,'','F',0,0,'F',0,0,0,'D','p d i e o v b',0,'0','','','020810_jinBlast_index1_V2','',20,74,-64,10,'2010-02-08 17:04:36',9855,0,0,0,4353,200,'0000-00-00 00:00:00'),(128,1,8,10,0,'T',-1,-1,0,'F',-3,1,10,5,0,'T',1,1,1,'F','BLOSUM62',0,0,0,0,3,'','F',0,0,'F',0,0,0,'D','p d i e o v b',0,'0','','','020810_jinBlast_index2','',20,0,-138,10,'2010-02-08 17:40:28',11617,0,0,0,11631,200,'0000-00-00 00:00:00'),(129,1,8,10,0,'T',-1,-1,0,'F',-3,1,10,5,0,'T',1,1,1,'F','BLOSUM62',0,0,0,0,3,'','F',0,0,'F',0,0,0,'D','p d i e o v b',0,'0','','','020810_jinBlast_index2','',20,0,-138,10,'2010-02-08 17:41:28',11665,0,0,0,11992,200,'0000-00-00 00:00:00'),(130,1,8,10,0,'T',-1,-1,0,'F',-3,1,10,5,0,'T',1,1,1,'F','BLOSUM62',0,0,0,0,3,'','F',0,0,'F',0,0,0,'D','p d i e o v b',0,'0','','','020810_jinBlast_index3','',20,0,-138,10,'2010-02-08 17:41:57',11675,0,0,0,11970,200,'0000-00-00 00:00:00'),(131,1,8,10,0,'T',-1,-1,0,'F',-3,1,10,5,0,'T',1,1,1,'F','BLOSUM62',0,0,0,0,3,'','F',0,0,'F',0,0,0,'D','p d i e o v b',0,'0','','','020810_jinBlast_index2','',20,65,-73,10,'2010-02-08 17:59:06',12445,0,0,0,4380,200,'0000-00-00 00:00:00'),(132,1,8,10,0,'T',-1,-1,0,'F',-3,1,10,5,0,'T',1,1,1,'F','BLOSUM62',0,0,0,0,3,'','F',0,0,'F',0,0,0,'D','p d i e o v b',0,'0','','','020810_jinBlast_index3','',20,59,-79,10,'2010-02-08 17:59:25',12453,0,0,0,4411,200,'0000-00-00 00:00:00'),(133,1,8,1e-06,8,'T',-1,-1,0,'F',-3,1,10,5,0,'T',1,1,1,'F','BLOSUM62',0,0,0,0,3,'','F',0,0,'F',0,0,0,'D','p d i e o m',0,'0','','','Inder','',13,100000,99862,10,'2010-02-09 13:37:46',21009,0,0,8259,4440,200,'0000-00-00 00:00:00'),(134,1,8,1e-06,8,'T',-1,-1,0,'F',-3,1,1,1,0,'T',1,1,1,'F','BLOSUM62',0,0,0,0,3,'','F',0,0,'F',0,0,0,'D','p d i e o m v b',0,'0','','','Inder2','',13,100000,99862,10,'2010-02-09 14:38:16',8796,0,0,9490,4466,200,'0000-00-00 00:00:00'),(135,1,8,1e-06,0,'T',-1,-1,0,'F',-3,1,1,1,0,'T',1,1,1,'F','BLOSUM62',0,0,0,0,3,'','F',0,0,'F',0,0,0,'D','p d i e o m v b',0,'0','','','Inder3','',13,100000,99862,10,'2010-02-09 14:50:07',5884,0,0,20741,4494,200,'0000-00-00 00:00:00'),(136,1,8,10,0,'T',-1,-1,0,'F',-3,1,10,5,0,'T',1,1,1,'F','BLOSUM62',0,0,0,0,3,'','F',0,0,'F',0,0,0,'D','p d i e o v b',0,'0','','','020910_jinBlast_index1','',20,100,-38,10,'2010-02-09 16:22:50',32161,0,0,0,4542,200,'0000-00-00 00:00:00'),(137,1,8,10,0,'T',-1,-1,0,'F',-3,1,10,5,0,'T',1,1,1,'F','BLOSUM62',0,0,0,0,3,'','F',0,0,'F',0,0,0,'D','p d i e o v b',0,'0','','','020910_jinBlast_index2','',20,100,-38,10,'2010-02-09 16:23:21',32169,0,0,0,4575,200,'0000-00-00 00:00:00'),(138,1,8,10,0,'T',-1,-1,0,'F',-3,1,10,5,0,'T',1,1,1,'F','BLOSUM62',0,0,0,0,3,'','F',0,0,'F',0,0,0,'D','p d i e o v b',0,'0','','','020910_jinBlast_index3','',20,100,-38,10,'2010-02-09 16:23:46',32179,0,0,0,21003,200,'0000-00-00 00:00:00'),(139,1,39,10,0,'T',-1,-1,0,'F',-3,1,5,5,0,'T',1,1,2,'F','BLOSUM62',0,0,0,0,3,'','F',0,0,'F',0,0,0,'D','p d i e o v b a',0,'0','','','021010_jinBlast_index1_hgNew','',20,2800776,13864,10,'2010-02-10 17:05:23',6796,0,0,0,29150,200,'0000-00-00 00:00:00'),(140,1,39,10,0,'T',-1,-1,0,'F',-3,1,5,5,0,'T',1,1,2,'F','BLOSUM62',0,0,0,0,3,'','F',0,0,'F',0,0,0,'D','p d i e o v b',0,'0','','','021010_jinBlast_index2_hgNew','',20,4707790,-136,10,'2010-02-10 17:07:13',6808,0,0,0,10402,200,'0000-00-00 00:00:00'),(141,1,39,10,0,'T',-1,-1,0,'F',-3,1,5,5,0,'T',1,1,2,'F','BLOSUM62',0,0,0,0,3,'','F',0,0,'F',0,0,0,'D','p d i e o v b',0,'0','','','021010_jinBlast_index3_hgNew','',20,4457800,-136,10,'2010-02-10 17:08:44',6826,0,0,0,10379,200,'0000-00-00 00:00:00'),(142,1,39,10,0,'T',-1,-1,0,'F',-3,1,5,5,0,'T',1,1,2,'F','BLOSUM62',0,0,0,0,3,'','F',0,0,'F',0,0,0,'D','p d i e o v b',0,'0','','','021010_jinBlast_index2_hgNew','',20,4707790,-136,10,'2010-02-11 09:49:51',6390,0,0,0,24909,200,'0000-00-00 00:00:00'),(143,1,39,10,0,'T',-1,-1,0,'F',-3,1,5,5,0,'T',1,1,2,'F','BLOSUM62',0,0,0,0,3,'','F',0,0,'F',0,0,0,'D','p d i e o v b',0,'0','','','021010_jinBlast_index3_hgNew','',20,4479702,-136,10,'2010-02-11 09:52:25',7194,0,0,0,24954,200,'0000-00-00 00:00:00'),(144,1,39,10,8,'T',-1,-1,0,'F',-3,1,3,3,0,'T',1,1,1,'F','BLOSUM62',0,0,0,0,3,'','F',0,0,'F',0,0,0,'D','p d i e o m v b',0,'0','','','021110_jinBlast_index1_100','',20,74,-136,10,'2010-02-11 17:08:05',16092,0,0,0,24976,100,'0000-00-00 00:00:00'),(145,1,8,10,0,'T',-1,-1,0,'F',-3,1,3,3,0,'T',1,1,2,'F','BLOSUM62',0,0,0,0,3,'','F',0,0,'F',0,0,0,'D','p d i e o v b a',0,'0','','','test','',1,1287,1151,10,'2010-02-12 09:38:25',13484,0,0,0,4602,100,'0000-00-00 00:00:00'),(146,3,19,10,0,'T',-1,-1,0,'F',-3,1,3,3,0,'T',1,1,2,'F','BLOSUM62',0,0,0,0,3,'','F',0,0,'F',0,0,0,'D','p d i e o v b a',0,'0','','','stickleback','',21,27628,27492,10,'2010-02-12 10:58:25',16720,0,0,0,4629,100,'0000-00-00 00:00:00'),(147,3,19,10,0,'T',-1,-1,0,'F',-3,1,3,3,0,'T',1,1,2,'F','BLOSUM62',0,0,0,0,3,'','F',0,0,'F',0,0,0,'D','p d i e o v b a',0,'0','','','abinitio','',21,44884,44748,10,'2010-02-12 10:59:51',16784,0,0,0,4655,100,'0000-00-00 00:00:00'),(148,1,39,1e-06,8,'F',-1,-1,0,'T',-3,1,3,3,0,'T',1,1,2,'F','BLOSUM62',0,0,0,0,3,'','F',0,0,'F',0,0,0,'D','p d i e o m FU IU v b a',0,'0','','','021210_jinBlast_index1-100_hgNew_newP','',20,74,-62,10,'2010-02-12 14:41:14',25373,0,0,0,4682,100,'0000-00-00 00:00:00'),(149,3,19,10,0,'T',-1,-1,0,'F',-3,1,3,3,0,'T',1,1,2,'F','BLOSUM62',0,0,0,0,3,'','F',0,0,'F',0,0,0,'D','p d i e o v b a',0,'0','','','stickleback','',21,44884,44748,10,'2010-02-15 13:18:28',19041,0,0,0,4708,100,'0000-00-00 00:00:00'),(150,3,19,10,0,'T',-1,-1,0,'F',-3,1,3,3,0,'T',1,1,2,'F','BLOSUM62',0,0,0,0,3,'','F',0,0,'F',0,0,0,'D','p d i e o m v b a',0,'0','','','abinitio','',21,44884,44748,10,'2010-02-15 14:49:14',21661,0,0,0,4734,100,'0000-00-00 00:00:00'),(151,3,19,10,0,'T',-1,-1,0,'F',-3,1,3,3,0,'T',1,1,2,'F','BLOSUM62',0,0,0,0,3,'','F',0,0,'F',0,0,0,'D','p d i e o m v b a',0,'0','','','abinitio','',21,44884,-136,10,'2010-02-15 14:50:47',21769,0,0,0,23290,100,'0000-00-00 00:00:00'),(152,1,39,0.001,8,'F',-1,-1,0,'T',-3,1,3,3,0,'T',1,1,2,'F','BLOSUM62',0,0,0,0,3,'','F',0,0,'F',0,0,0,'D','p d i e o m FU IU v b a',0,'0','','','021710_jinBlast_index1-100_hgNew_1e-3','',20,74,-62,10,'2010-02-17 09:47:30',8405,0,0,0,4834,100,'0000-00-00 00:00:00'),(153,1,39,1e-06,0,'F',-1,-1,0,'F',-3,1,3,3,0,'T',1,1,2,'F','BLOSUM62',0,0,0,0,3,'','F',0,0,'F',0,0,0,'D','p d i e o FU v b a',0,'0','','','021710_jinBlast_index1-100n_hgNew_1e-6','',20,100,-36,10,'2010-02-17 11:21:54',12619,0,0,0,4860,100,'0000-00-00 00:00:00'),(154,1,39,1e-06,0,'F',-1,-1,0,'F',-3,1,3,3,0,'T',1,1,2,'F','BLOSUM62',0,0,0,0,3,'','F',0,0,'F',0,0,0,'D','p d i e o FU v b a',0,'0','','','021710_jinBlast_index2-100n_hgNew_1e-6','',20,100,-36,10,'2010-02-17 11:22:45',12760,0,0,0,4894,100,'0000-00-00 00:00:00'),(155,1,39,1e-06,0,'F',-1,-1,0,'F',-3,1,3,3,0,'T',1,1,2,'F','BLOSUM62',0,0,0,0,3,'','F',0,0,'F',0,0,0,'D','p d i e o FU v b a',0,'0','','','021710_jinBlast_index3-100n_hgNew_1e-6','',20,100,-36,10,'2010-02-17 11:23:50',12771,0,0,0,4923,100,'0000-00-00 00:00:00'),(156,1,39,0.001,0,'F',-1,-1,0,'F',-3,1,3,3,0,'T',1,1,2,'F','BLOSUM62',0,0,0,0,3,'','F',0,0,'F',0,0,0,'D','p d i e o FU v b a',0,'0','','','021710_jinBlast_index1-100n_hgNew_1e-3','',20,100,-36,10,'2010-02-17 11:24:57',12780,0,0,0,4955,100,'0000-00-00 00:00:00'),(157,1,39,0.001,0,'F',-1,-1,0,'F',-3,1,3,3,0,'T',1,1,2,'F','BLOSUM62',0,0,0,0,3,'','F',0,0,'F',0,0,0,'D','p d i e o FU v b a',0,'0','','','021710_jinBlast_index2-100n_hgNew_1e-3','',20,100,-36,10,'2010-02-17 11:25:39',12864,0,0,0,4981,100,'0000-00-00 00:00:00'),(158,1,39,0.001,0,'F',-1,-1,0,'F',-3,1,3,3,0,'T',1,1,2,'F','BLOSUM62',0,0,0,0,3,'','F',0,0,'F',0,0,0,'D','p d i e o FU v b a',0,'0','','','021710_jinBlast_index3-100n_hgNew_1e-3','',20,100,-36,10,'2010-02-17 11:26:23',12872,0,0,0,5009,100,'0000-00-00 00:00:00'),(159,1,41,1e-06,0,'F',-1,-1,0,'F',-3,1,3,3,0,'T',1,1,2,'F','BLOSUM62',0,0,0,0,3,'','F',0,0,'F',0,0,0,'D','p d i e o FU v b a',0,'0','','','021710_jinBlast_index1-100n_hg36.3_1e06','',20,100,-36,10,'2010-02-17 17:03:35',26944,0,0,0,5036,100,'0000-00-00 00:00:00'),(160,1,8,1e-06,0,'F',-1,-1,0,'F',-3,1,3,3,0,'T',1,1,2,'F','BLOSUM62',0,0,0,0,3,'','F',0,0,'F',0,0,0,'D','p d i e o FU v b a',0,'0','','','022010_jinBlast_seqS1-1000_nr_1e-6','',20,1000,864,10,'2010-02-20 14:46:52',27494,0,0,0,5063,100,'0000-00-00 00:00:00'),(161,1,8,1e-06,0,'F',-1,-1,0,'F',-3,1,3,3,0,'T',1,1,2,'F','BLOSUM62',0,0,0,0,3,'','F',0,0,'F',0,0,0,'D','p d i e o FU v b a',0,'0','','','022010_jinBlast_seqS2-1000_nr_1e-6','',20,1000,864,10,'2010-02-20 14:47:55',27558,0,0,0,5090,100,'0000-00-00 00:00:00'),(162,1,41,1e-06,0,'F',-1,-1,0,'F',-3,1,3,3,0,'T',1,1,2,'F','BLOSUM62',0,0,0,0,3,'','F',0,0,'F',0,0,0,'D','p d i e o FU v b a',0,'0','','','022010_jinBlast_seqS1-1000_hg36.3_1e-6','',20,1000,864,10,'2010-02-20 14:49:02',27565,0,0,0,5117,100,'0000-00-00 00:00:00'),(163,1,41,1e-06,0,'F',-1,-1,0,'F',-3,1,3,3,0,'T',1,1,2,'F','BLOSUM62',0,0,0,0,3,'','F',0,0,'F',0,0,0,'D','p d i e o FU v b a',0,'0','','','022010_jinBlast_seqS2-1000_hg36.3_1e-6','',20,1000,864,10,'2010-02-20 14:49:44',27571,0,0,0,5143,100,'0000-00-00 00:00:00'),(164,1,41,1e-06,0,'F',-1,-1,0,'F',-3,1,3,3,0,'T',1,1,2,'F','BLOSUM62',0,0,0,0,3,'','F',0,0,'F',0,0,0,'D','p d i e o FU v b a',0,'0','','','022310_jinBlast_seqS2BI_hg36.3_1e-6','',20,5450627,977564,10,'2010-02-23 12:14:21',2074,0,0,0,2720,100,'0000-00-00 00:00:00'),(165,1,41,1e-06,0,'F',-1,-1,0,'F',-3,1,3,3,0,'T',1,1,2,'F','BLOSUM62',0,0,0,0,3,'','F',0,0,'F',0,0,0,'D','p d i e o FU v b a',0,'0','','','022310_jinBlast_seqS2BIII_hg36.3_1e-6','',20,7739607,1664,10,'2010-02-23 12:19:23',2159,0,0,0,2698,100,'0000-00-00 00:00:00'),(166,1,41,1e-06,0,'T',-1,-1,0,'F',-3,1,3,3,0,'T',1,1,2,'F','BLOSUM62',0,0,0,0,3,'','F',0,0,'F',0,0,0,'D','p d i e o v b a',0,'0','','','022610_jinBlast_seqS2BIaa_hg36.3_1e-6','',20,500000,499864,10,'2010-02-26 10:59:08',2739,0,0,0,5492,200,'0000-00-00 00:00:00'),(167,1,41,1e-06,0,'T',-1,-1,0,'F',-3,1,3,3,0,'T',1,1,2,'F','BLOSUM62',0,0,0,0,3,'','F',0,0,'F',0,0,0,'D','p d i e o v b a',0,'0','','','022610_jinBlast_seqS2BIab_hg36.3_1e-6','',20,500000,499864,10,'2010-02-26 15:13:13',9852,0,0,0,5515,200,'0000-00-00 00:00:00'),(168,1,41,1e-06,0,'T',-1,-1,0,'F',-3,1,3,3,0,'T',1,1,2,'F','BLOSUM62',0,0,0,0,3,'','F',0,0,'F',0,0,0,'D','p d i e o v b a',0,'0','','','022610_jinBlast_seqS2BIac_hg36.3_1e-6','',20,500000,499864,10,'2010-02-27 10:03:55',986,0,0,0,12736,200,'0000-00-00 00:00:00'),(169,1,41,1e-06,0,'T',-1,-1,0,'F',-3,1,3,3,0,'T',1,1,2,'F','BLOSUM62',0,0,0,0,3,'','F',0,0,'F',0,0,0,'D','p d i e o v b a',0,'0','','','022610_jinBlast_seqS2BIad_hg36.3_1e-6','',20,500000,499864,10,'2010-02-27 16:47:41',8127,0,0,0,8641,200,'0000-00-00 00:00:00'),(170,1,41,1e-06,0,'T',-1,-1,0,'F',-3,1,3,3,0,'T',1,1,2,'F','BLOSUM62',0,0,0,0,3,'','F',0,0,'F',0,0,0,'D','p d i e o v b a',0,'0','','','022610_jinBlast_seqS2BIae_hg36.3_1e-6','',20,500000,499864,10,'2010-02-27 22:36:11',14517,0,0,0,8619,200,'0000-00-00 00:00:00'),(171,1,41,1e-06,0,'T',-1,-1,0,'F',-3,1,3,3,0,'T',1,1,2,'F','BLOSUM62',0,0,0,0,3,'','F',0,0,'F',0,0,0,'D','p d i e o v b a',0,'0','','','022610_jinBlast_seqS2BIaf_hg36.3_1e-6','',20,500000,499864,10,'2010-02-28 09:49:07',8668,0,0,0,23466,200,'0000-00-00 00:00:00'),(172,1,41,1e-06,0,'T',-1,-1,0,'F',-3,1,3,3,0,'T',1,1,2,'F','BLOSUM62',0,0,0,0,3,'','F',0,0,'F',0,0,0,'D','p d i e o v b a',0,'0','','','022610_jinBlast_seqS2BIag_hg36.3_1e-6','',20,500000,499864,10,'2010-02-28 10:01:19',8964,0,0,0,4917,200,'0000-00-00 00:00:00'),(173,1,41,1e-06,0,'T',-1,-1,0,'F',-3,1,3,3,0,'T',1,1,2,'F','BLOSUM62',0,0,0,0,3,'','F',0,0,'F',0,0,0,'D','p d i e o v b a',0,'0','','','022610_jinBlast_seqS2BIah_hg36.3_1e-6','',20,500000,499864,10,'2010-02-28 22:17:52',23583,0,0,0,4942,200,'0000-00-00 00:00:00'),(174,1,41,1e-06,0,'T',-1,-1,0,'F',-3,1,3,3,0,'T',1,1,2,'F','BLOSUM62',0,0,0,0,3,'','F',0,0,'F',0,0,0,'D','p d i e o v b a',0,'0','','','022610_jinBlast_seqS2BIai_hg36.3_1e-6','',20,500000,499864,10,'2010-02-28 22:29:34',23800,0,0,0,20260,200,'0000-00-00 00:00:00'),(175,1,41,1e-06,0,'T',-1,-1,0,'F',-3,1,3,3,0,'T',1,1,2,'F','BLOSUM62',0,0,0,0,3,'','F',0,0,'F',0,0,0,'D','p d i e o v b a',0,'0','','','022610_jinBlast_seqS2BIaj_hg36.3_1e-6','',20,500000,499864,10,'2010-03-01 09:21:22',5090,0,0,0,20846,200,'0000-00-00 00:00:00'),(176,1,41,1e-06,0,'T',-1,-1,0,'F',-3,1,3,3,0,'T',1,1,2,'F','BLOSUM62',0,0,0,0,3,'','F',0,0,'F',0,0,0,'D','p d i e o v b a',0,'0','','','022610_jinBlast_seqS2BIak_hg36.3_1e-6','',20,450627,450491,10,'2010-03-01 14:36:31',12166,0,0,0,5946,200,'0000-00-00 00:00:00'),(177,1,41,1e-06,0,'T',-1,-1,0,'F',-3,1,3,3,0,'T',1,1,2,'F','BLOSUM62',0,0,0,0,3,'','F',0,0,'F',0,0,0,'D','p d i e o v b a',0,'0','','','030110_jinBlast_seqS2BIIIaa_hg36.3_1e-6','',20,500000,499864,10,'2010-03-01 20:09:52',20290,0,0,0,14342,200,'0000-00-00 00:00:00'),(178,1,41,1e-06,0,'T',-1,-1,0,'F',-3,1,3,3,0,'T',1,1,2,'F','BLOSUM62',0,0,0,0,3,'','F',0,0,'F',0,0,0,'D','p d i e o v b a',0,'0','','','030110_jinBlast_seqS2BIIIab_hg36.3_1e-6','',20,500000,499864,10,'2010-03-01 20:31:59',20935,0,0,0,14484,200,'0000-00-00 00:00:00'),(179,1,8,1e-06,0,'T',-1,-1,0,'F',-3,1,5,3,0,'T',1,1,2,'F','BLOSUM62',0,0,0,0,3,'','F',0,0,'F',0,0,0,'D','p d i e o m v b a',0,'0','','','kakugo or DWV','',13,1311,1178,10,'2010-03-02 08:12:57',4347,0,0,3190,5173,200,'0000-00-00 00:00:00'),(180,1,8,1e-06,0,'T',-1,-1,0,'F',-3,1,5,3,0,'T',1,1,2,'F','BLOSUM62',0,0,0,0,3,'','F',0,0,'F',0,0,0,'D','p d i e o m v b a',0,'0','','','all kakugo','',13,1866,1733,10,'2010-03-02 08:23:09',4585,0,0,3173,5204,200,'0000-00-00 00:00:00'),(181,1,41,1e-06,0,'T',-1,-1,0,'F',-3,1,3,3,0,'T',1,1,2,'F','BLOSUM62',0,0,0,0,3,'','F',0,0,'F',0,0,0,'D','p d i e o v b a',0,'0','','','030110_jinBlast_seqS2BIIIac_hg36.3_1e-6','',20,500000,497864,10,'2010-03-02 15:55:28',14314,0,0,0,14519,200,'0000-00-00 00:00:00'),(182,1,41,1e-06,0,'T',-1,-1,0,'F',-3,1,3,3,0,'T',1,1,2,'F','BLOSUM62',0,0,0,0,3,'','F',0,0,'F',0,0,0,'D','p d i e o v b a',0,'0','','','030110_jinBlast_seqS2BIIIac_hg36.3_1e-6','',20,500000,499867,10,'2010-03-02 15:58:08',14540,0,0,0,4928,200,'0000-00-00 00:00:00'),(183,1,41,1e-06,0,'T',-1,-1,0,'F',-3,1,3,3,0,'T',1,1,2,'F','BLOSUM62',0,0,0,0,3,'','F',0,0,'F',0,0,0,'D','p d i e o v b a',0,'0','','','030110_jinBlast_seqS2BIIIad_hg36.3_1e-6','',20,500000,499867,10,'2010-03-02 23:10:11',23756,0,0,0,7175,200,'0000-00-00 00:00:00'),(184,1,41,1e-06,0,'T',-1,-1,0,'F',-3,1,3,3,0,'T',1,1,2,'F','BLOSUM62',0,0,0,0,3,'','F',0,0,'F',0,0,0,'D','p d i e o v b a',0,'0','','','030110_jinBlast_seqS2BIIIad_hg36.3_1e-6','',20,500000,499996,10,'2010-03-03 09:54:31',7198,0,0,0,20308,200,'2010-03-17 20:56:49'),(185,3,19,10,0,'T',-1,-1,0,'F',-3,1,3,3,0,'T',1,1,2,'F','BLOSUM62',0,0,0,0,3,'','F',0,0,'F',0,0,0,'D','p d i e o v b a',0,'0','','','Rotundata_2','',10,60810,60677,10,'2010-03-03 10:37:01',8292,0,0,0,5282,200,'0000-00-00 00:00:00'),(186,3,19,10,0,'T',-1,-1,0,'F',-3,1,3,3,0,'T',1,1,2,'F','BLOSUM62',0,0,0,0,3,'','F',0,0,'F',0,0,0,'D','p d i e o v b a',0,'0','','','Rotundata_2','',10,60810,60677,10,'2010-03-03 10:37:51',8299,0,0,0,5256,200,'0000-00-00 00:00:00'),(187,3,19,10,0,'T',-1,-1,0,'F',-3,1,3,3,0,'T',1,1,2,'F','BLOSUM62',0,0,0,0,3,'','F',0,0,'F',0,0,0,'D','p d i e o v b a',0,'0','','','Bombus_2','',10,39730,39597,10,'2010-03-03 10:39:57',8309,0,0,0,5230,200,'0000-00-00 00:00:00'),(188,1,41,1e-06,0,'T',-1,-1,0,'F',-3,1,3,3,0,'T',1,1,2,'F','BLOSUM62',0,0,0,0,3,'','F',0,0,'F',0,0,0,'D','p d i e o v b a',0,'0','','','030110_jinBlast_seqS2BIIIae_hg36.3_1e-6','',20,500000,499867,10,'2010-03-04 00:07:23',28292,0,0,0,28519,200,'0000-00-00 00:00:00'),(189,1,41,1e-06,0,'T',-1,-1,0,'F',-3,1,3,3,0,'T',1,1,2,'F','BLOSUM62',0,0,0,0,3,'','F',0,0,'F',0,0,0,'D','p d i e o v b a',0,'0','','','030110_jinBlast_seqS2BIIIad_hg36.3_1e-6','',20,500000,499867,10,'2010-03-10 11:19:08',4957,0,0,0,31800,200,'0000-00-00 00:00:00'),(190,1,41,1e-06,0,'T',-1,-1,0,'F',-3,1,3,3,0,'T',1,1,2,'F','BLOSUM62',0,0,0,0,3,'','F',0,0,'F',0,0,0,'D','p d i e o v b a',0,'0','','','030110_jinBlast_seqS2BIIIae_hg36.3_1e-6','',20,500000,499867,10,'2010-03-10 23:40:31',18897,0,0,0,31761,200,'0000-00-00 00:00:00'),(191,1,41,1e-06,0,'T',-1,-1,0,'F',-3,1,3,3,0,'T',1,1,2,'F','BLOSUM62',0,0,0,0,3,'','F',0,0,'F',0,0,0,'D','p d i e o v b a',0,'0','','','030110_jinBlast_seqS2BIIIae_hg36.3_1e-6','',20,500000,499867,10,'2010-03-11 09:45:37',31906,0,0,0,27194,200,'0000-00-00 00:00:00'),(192,1,41,1e-06,0,'T',-1,-1,0,'F',-3,1,3,3,0,'T',1,1,2,'F','BLOSUM62',0,0,0,0,3,'','F',0,0,'F',0,0,0,'D','p d i e o v b a',0,'0','','','031110_jinBlast_seqS2BIIIaf_hg36.3_1e-6','',20,500000,499867,10,'2010-03-11 22:49:57',13559,0,0,0,27216,200,'0000-00-00 00:00:00'),(193,1,41,1e-06,0,'T',-1,-1,0,'F',-3,1,3,3,0,'T',1,1,2,'F','BLOSUM62',0,0,0,0,3,'','F',0,0,'F',0,0,0,'D','p d i e o v b a',0,'0','','','031110_jinBlast_seqS2BIIIaf_hg36.3_1e-6','',20,500000,499867,10,'2010-03-12 10:02:54',27235,0,0,0,5308,200,'0000-00-00 00:00:00'),(194,3,19,10,0,'T',-1,-1,0,'F',-3,1,3,3,0,'T',1,1,2,'F','BLOSUM62',0,0,0,0,3,'','F',0,0,'F',0,0,0,'D','p d i e o v b a',0,'0','','','transcripts-stickleback','',21,27628,27624,10,'2010-03-12 11:05:09',28882,0,0,0,0,200,'2010-03-17 17:23:01'),(195,3,19,10,0,'T',-1,-1,0,'F',-3,1,3,3,0,'T',1,1,2,'F','BLOSUM62',0,0,0,0,3,'','F',0,0,'F',0,0,0,'D','p d i e o FU v b a',0,'0','','','arch','',19,406,273,10,'2010-03-17 09:17:24',15282,0,0,0,17836,200,'0000-00-00 00:00:00'),(196,3,19,10,0,'T',-1,-1,0,'F',-3,1,3,3,0,'T',1,1,2,'F','BLOSUM62',0,0,0,0,3,'','F',0,0,'F',0,0,0,'D','p d i e o FU v b a',0,'0','','','nifh','',19,4120,3987,10,'2010-03-17 09:17:56',15287,0,0,0,17858,200,'0000-00-00 00:00:00'),(197,3,19,10,0,'T',-1,-1,0,'F',-3,1,3,3,0,'T',1,1,2,'F','BLOSUM62',0,0,0,0,3,'','F',0,0,'F',0,0,0,'D','p d i e o FU v b a',0,'0','','','nosz','',19,6009,5876,10,'2010-03-17 09:18:10',15294,0,0,0,17807,200,'0000-00-00 00:00:00'),(198,3,19,10,0,'T',-1,-1,0,'F',-3,1,3,3,0,'T',1,1,2,'F','BLOSUM62',0,0,0,0,3,'','F',0,0,'F',0,0,0,'D','p d i e o FU v b a',0,'0','','','arch','',19,406,402,10,'2010-03-17 11:11:09',20836,0,0,0,2346,200,'2010-03-17 13:35:13'),(199,3,19,10,0,'T',-1,-1,0,'F',-3,1,3,3,0,'T',1,1,2,'F','BLOSUM62',0,0,0,0,3,'','F',0,0,'F',0,0,0,'D','p d i e o FU v b a',0,'0','','','nifh','',19,4120,4116,10,'2010-03-17 11:11:20',20846,0,0,0,14293,200,'2010-03-17 13:10:13'),(200,3,19,10,0,'T',-1,-1,0,'F',-3,1,3,3,0,'T',1,1,2,'F','BLOSUM62',0,0,0,0,3,'','F',0,0,'F',0,0,0,'D','p d i e o FU v b a',0,'0','','','nosz','',19,6009,6005,10,'2010-03-17 11:11:30',20855,0,0,0,2791,200,'2010-03-17 13:50:14'),(201,1,43,1e-06,8,'T',-1,-1,0,'F',-3,1,1,1,0,'T',1,1,2,'F','BLOSUM62',0,0,0,0,3,'','F',0,0,'F',0,0,0,'D','p d i e o m v b a',0,'0','','','309+ vs SC_varroa','',13,6214780,6214776,10,'2010-03-17 14:57:18',29185,0,0,1286,2739,200,'2010-03-17 16:05:10'),(202,3,19,10,0,'F',-1,-1,0,'F',-3,1,3,3,0,'T',1,1,2,'F','BLOSUM62',0,0,0,0,3,'','F',0,0,'F',0,0,0,'D','p d i e o v b a',0,'0','','','arch','',19,406,402,10,'2010-03-17 14:59:18',29353,0,0,0,2712,200,'2010-03-17 16:35:25'),(203,2,19,10,0,'F',-1,-1,0,'F',-3,1,3,3,0,'T',1,1,2,'F','BLOSUM62',0,0,0,0,3,'','F',0,0,'F',0,0,0,'D','p d i e o v b a',0,'0','','','nifh','',19,4120,4116,10,'2010-03-17 14:59:31',29357,0,0,0,2686,200,'2010-03-17 15:00:15'),(204,3,19,10,0,'F',-1,-1,0,'F',-3,1,3,3,0,'T',1,1,2,'F','BLOSUM62',0,0,0,0,3,'','F',0,0,'F',0,0,0,'D','p d i e o v b a',0,'0','','','nosz','',19,6009,6005,10,'2010-03-17 14:59:44',29361,0,0,0,2660,200,'2010-03-17 16:25:14'),(205,1,43,1e-06,8,'T',-1,-1,0,'F',-3,1,1,1,0,'T',1,1,2,'F','BLOSUM62',0,0,0,0,3,'','F',0,0,'F',0,0,0,'D','p d i e o m v b a',0,'0','','','309- vs SC_varroa','',13,6136574,6136570,10,'2010-03-17 15:01:13',29507,0,0,1283,2634,200,'2010-03-17 16:15:11'),(206,1,43,1e-06,8,'T',-1,-1,0,'F',-3,1,1,1,0,'T',1,1,2,'F','BLOSUM62',0,0,0,0,3,'','F',0,0,'F',0,0,0,'D','p d i e o m v b a',0,'0','','','364+ vs SC_varroa','',13,562800,562796,10,'2010-03-17 16:27:45',1215,0,0,6697,2608,200,'2010-03-17 21:10:13'),(207,1,43,1e-06,8,'T',-1,-1,0,'F',-3,1,1,1,0,'T',1,1,2,'F','BLOSUM62',0,0,0,0,3,'','F',0,0,'F',0,0,0,'D','p d i e o m v b a',0,'0','','','364- vs SC_varroa','',13,211600,211596,10,'2010-03-17 16:29:13',1279,0,0,6707,2765,200,'2010-03-17 20:51:07'),(208,1,43,1e-06,8,'T',-1,-1,0,'F',-3,1,1,1,0,'T',1,1,2,'F','BLOSUM62',0,0,0,0,3,'','F',0,0,'F',0,0,0,'D','p d i e o m v b a',0,'0','','','309_1_abyss40 vs SC_Varroa','',13,179182,179178,10,'2010-03-17 17:04:35',2404,0,0,6718,2582,200,'2010-03-17 21:15:12'),(209,1,43,1e-06,8,'T',-1,-1,0,'F',-3,1,1,1,0,'T',1,1,2,'F','BLOSUM62',0,0,0,0,3,'','F',0,0,'F',0,0,0,'D','p d i e o m v b a',0,'0','','','309_2_abyss40 vs SC_Varroa','',13,2000,1996,10,'2010-03-17 17:05:49',2439,0,0,6724,8881,200,'2010-03-17 20:52:13'),(210,1,43,1e-06,8,'T',-1,-1,0,'F',-3,1,1,1,0,'T',1,1,2,'F','BLOSUM62',0,0,0,0,3,'','F',0,0,'F',0,0,0,'D','p d i e o m v b a',0,'0','','','364_1_abyss40 vs SC_Varroa','',13,0,-4,10,'2010-03-17 17:07:19',2500,0,0,0,3699,200,'2010-03-17 17:27:40'),(211,3,19,10,0,'T',-1,-1,0,'F',-3,1,3,3,0,'T',1,1,2,'F','BLOSUM62',0,0,0,0,3,'','F',0,0,'F',0,0,0,'D','p d i e o v b a',0,'0','','','all','',19,0,-4,10,'2010-03-17 17:59:04',4353,0,0,0,7547,200,'2010-03-17 18:07:19'),(212,1,43,1e-06,8,'T',-1,-1,0,'F',-3,1,1,1,0,'T',1,1,2,'F','BLOSUM62',0,0,0,0,3,'','F',0,0,'F',0,0,0,'D','p d i e o m v b a',0,'0','','','364_1_abyss40 vs SC_Varroa','',13,163379,163375,10,'2010-03-18 10:02:13',6734,0,0,6952,2556,200,'2010-03-18 10:05:12'),(213,1,43,1e-06,8,'T',-1,-1,0,'F',-3,1,1,1,0,'T',1,1,2,'F','BLOSUM62',0,0,0,0,3,'','F',0,0,'F',0,0,0,'D','p d i e o m v b a',0,'0','','','364_2_abyss40 vs SC_Varroa','',13,146652,146648,10,'2010-03-18 10:02:58',6741,0,0,6958,2530,200,'2010-03-18 10:05:16'),(214,1,8,10,0,'T',-1,-1,0,'F',-3,1,3,3,0,'T',1,1,2,'F','BLOSUM62',0,0,0,0,3,'','F',0,0,'F',0,0,0,'D','p d i e o v b a',0,'0','','','ymao test','',19,920,916,10,'2010-03-18 10:26:22',7490,0,0,0,2504,200,'2010-03-18 10:50:13'),(215,3,19,10,0,'T',-1,-1,0,'F',-3,1,3,3,0,'T',1,1,2,'F','BLOSUM62',0,0,0,0,3,'','F',0,0,'F',0,0,0,'D','p d i e o v b a',0,'0','','','arch','',19,920,916,10,'2010-03-18 10:43:07',8159,0,0,0,2478,200,'2010-03-18 12:35:12'),(216,1,43,1e-06,8,'T',-1,-1,0,'F',-3,1,1,1,0,'T',1,1,2,'F','BLOSUM62',0,0,0,0,3,'','F',0,0,'F',0,0,0,'D','p d i e o m v b a',0,'0','','','309_2_abyss40 vs SC_Varroa','',13,157520,157516,10,'2010-03-18 11:07:18',8904,0,0,9064,2452,200,'2010-03-18 11:10:12'),(217,3,19,10,0,'T',-1,-1,0,'F',-3,1,3,3,0,'T',1,1,2,'F','BLOSUM62',0,0,0,0,3,'','F',0,0,'F',0,0,0,'D','p d i e o v b a',0,'0','','','arch','',19,920,916,10,'2010-03-18 11:11:20',9059,0,0,0,2425,200,'2010-03-18 13:00:13'),(218,3,19,10,0,'T',-1,-1,0,'F',-3,1,3,3,0,'T',1,1,2,'F','BLOSUM62',0,0,0,0,3,'','F',0,0,'F',0,0,0,'D','p d i e o FU v b a',0,'0','','','nifh','',19,1917,1913,10,'2010-03-19 14:48:14',6974,0,0,0,2399,200,'2010-03-19 16:00:12'),(219,3,19,10,0,'T',-1,-1,0,'F',-3,1,3,3,0,'T',1,1,2,'F','BLOSUM62',0,0,0,0,3,'','F',0,0,'F',0,0,0,'D','p d i e o FU v b a',0,'0','','','nosz','',19,1448,1444,10,'2010-03-19 14:48:36',6980,0,0,0,2373,200,'2010-03-19 18:10:12'),(220,1,8,10,0,'T',-1,-1,0,'F',-3,1,3,3,0,'T',1,1,2,'F','BLOSUM62',0,0,0,0,3,'','F',0,0,'F',0,0,0,'D','p d i e o v b a',0,'0','','','a','',19,254211,254207,10,'2010-03-24 16:43:54',20518,0,0,0,22314,200,'2010-03-24 18:55:09'),(221,3,19,10,0,'T',-1,-1,0,'F',-3,1,3,3,0,'T',1,1,2,'F','BLOSUM62',0,0,0,0,3,'','F',0,0,'F',0,0,0,'D','p d i e o v b a',0,'0','','','Bombus_2','',10,39730,39726,10,'2010-03-26 11:35:20',2254,0,0,0,0,200,'2010-03-26 15:55:09'),(222,3,19,10,0,'T',-1,-1,0,'F',-3,1,3,3,0,'T',1,1,2,'F','BLOSUM62',0,0,0,0,3,'','F',0,0,'F',0,0,0,'D','p d i e o v b a',0,'0','','','Rotundata_2','',10,60810,60806,10,'2010-03-26 11:36:05',2557,0,0,0,0,200,'2010-03-26 17:20:09'),(223,3,19,10,0,'T',-1,-1,0,'F',-3,1,3,3,0,'T',1,1,2,'F','BLOSUM62',0,0,0,0,3,'','F',0,0,'F',0,0,0,'D','p d i e o v b a',0,'0','','','MID4isotigs','',10,24692,24688,10,'2010-03-26 16:52:39',10007,0,0,0,0,200,'2010-03-28 05:50:09'),(224,1,9,10,0,'T',-1,-1,0,'F',-3,1,3,3,0,'T',1,1,2,'F','BLOSUM62',0,0,0,0,3,'','F',0,0,'F',0,0,0,'D','p d i e o v b a',0,'0','','','MID4isotigsN','',10,24692,24688,10,'2010-03-26 16:53:46',10013,0,0,0,0,200,'2010-03-26 21:15:10'),(225,3,19,10,0,'T',-1,-1,0,'F',-3,1,3,3,0,'T',1,1,2,'F','BLOSUM62',0,0,0,0,3,'','F',0,0,'F',0,0,0,'D','p d i e o v b a',0,'0','','','arch','',19,47813,47809,10,'2010-03-31 16:30:42',6613,0,0,0,0,200,'2010-03-31 21:05:09'),(226,3,19,10,0,'T',-1,-1,0,'F',-3,1,3,3,0,'T',1,1,2,'F','BLOSUM62',0,0,0,0,3,'','F',0,0,'F',0,0,0,'D','p d i e o v b a',0,'0','','','bact','',19,43527,43523,10,'2010-03-31 16:30:57',6618,0,0,0,0,200,'2010-04-01 00:00:10'),(227,3,19,10,0,'T',-1,-1,0,'F',-3,1,3,3,0,'T',1,1,2,'F','BLOSUM62',0,0,0,0,3,'','F',0,0,'F',0,0,0,'D','p d i e o v b a',0,'0','','','nifh','',19,33480,33476,10,'2010-03-31 16:31:13',6622,0,0,0,0,200,'2010-04-01 01:30:10'),(228,3,19,10,0,'T',-1,-1,0,'F',-3,1,3,3,0,'T',1,1,2,'F','BLOSUM62',0,0,0,0,3,'','F',0,0,'F',0,0,0,'D','p d i e o v b a',0,'0','','','nosz','',19,47804,47800,10,'2010-03-31 16:31:24',6626,0,0,0,0,200,'2010-04-01 05:15:09'),(229,1,43,10,0,'T',-1,-1,0,'F',-3,1,3,3,0,'T',1,1,2,'F','BLOSUM62',0,0,0,0,3,'','F',0,0,'F',0,0,0,'D','p d i e o v b a',0,'0','','','test','',1,1287,1283,10,'2010-04-01 15:33:02',1343,0,0,0,23953,200,'2010-04-01 15:35:04'),(230,3,19,10,0,'T',-1,-1,0,'F',-3,1,1,1,0,'T',1,1,2,'F','BLOSUM62',0,0,0,0,3,'','F',0,0,'F',0,0,0,'D','p d i e o v b a',0,'0','','','arch','',1,180055,180051,10,'2010-04-02 10:39:56',6310,0,0,5554,0,200,'2010-04-03 07:10:10'),(231,3,19,10,0,'T',-1,-1,0,'F',-3,1,1,1,0,'T',1,1,2,'F','BLOSUM62',0,0,0,0,3,'','F',0,0,'F',0,0,0,'D','p d i e o v b a',0,'0','','','bact','',19,134751,134747,10,'2010-04-02 10:40:18',6380,0,0,0,0,200,'2010-04-03 12:05:10'),(232,3,19,10,0,'T',-1,-1,0,'F',-3,1,1,1,0,'T',1,1,2,'F','BLOSUM62',0,0,0,0,3,'','F',0,0,'F',0,0,0,'D','p d i e o v b a',0,'0','','','nifh','',19,198979,198975,10,'2010-04-02 10:40:38',6441,0,0,0,0,200,'2010-04-03 19:20:10'),(233,3,19,10,0,'T',-1,-1,0,'F',-3,1,1,1,0,'T',1,1,2,'F','BLOSUM62',0,0,0,0,3,'','F',0,0,'F',0,0,0,'D','p d i e o v b a',0,'0','','','nosz','',19,190035,190031,10,'2010-04-02 10:40:52',6447,0,0,0,0,200,'2010-04-04 09:25:09'),(234,3,19,10,0,'T',-1,-1,0,'F',-3,1,1,1,0,'T',1,1,2,'F','BLOSUM62',0,0,0,0,3,'','F',0,0,'F',0,0,0,'D','p d i e o v b a',0,'0','','','arch','',19,133380,133376,10,'2010-04-05 17:24:01',6658,0,0,0,0,200,'2010-04-06 21:25:09'),(235,3,19,10,0,'T',-1,-1,0,'F',-3,1,1,1,0,'T',1,1,2,'F','BLOSUM62',0,0,0,0,3,'','F',0,0,'F',0,0,0,'D','p d i e o v b a',0,'0','','','bact','',19,119502,119498,10,'2010-04-05 17:24:17',6662,0,0,0,0,200,'2010-04-06 17:50:10'),(236,3,19,10,0,'T',-1,-1,0,'F',-3,1,1,1,0,'T',1,1,2,'F','BLOSUM62',0,0,0,0,3,'','F',0,0,'F',0,0,0,'D','p d i e o v b a',0,'0','','','nifh','',19,189408,189404,10,'2010-04-05 17:24:32',6667,0,0,0,0,200,'2010-04-07 05:40:09'),(237,3,19,10,0,'T',-1,-1,0,'F',-3,1,1,1,0,'T',1,1,2,'F','BLOSUM62',0,0,0,0,3,'','F',0,0,'F',0,0,0,'D','p d i e o v b a',0,'0','','','nosz','',19,169096,169092,10,'2010-04-05 17:24:47',6673,0,0,0,0,200,'2010-04-07 09:35:10'),(238,2,44,10,0,'T',-1,-1,0,'F',-3,1,10,10,0,'T',1,1,2,'F','BLOSUM62',0,0,0,0,3,'','F',0,0,'F',0,0,0,'D','p d i e o v b a',0,'0','','','single_seq_test_run','',12,1,-3,10,'2010-04-07 08:43:51',24292,0,0,0,24509,200,'2010-04-07 08:45:13'),(239,2,44,1e-05,8,'T',-1,-1,0,'F',-3,1,10000,10000,0,'T',1,1,2,'F','BLOSUM62',0,0,0,0,3,'','F',0,0,'F',0,0,0,'D','p d i e o m v b a',0,'0','','','test_run','',12,1,-3,10,'2010-04-07 15:05:27',5728,0,0,0,5751,200,'0000-00-00 00:00:00'),(240,2,44,1e-05,8,'T',-1,-1,0,'F',-3,1,10000,10000,0,'T',1,1,2,'F','BLOSUM62',0,0,0,0,3,'','F',0,0,'F',0,0,0,'D','p d i e o m v b a',0,'0','','','test_run','',12,1,-3,10,'2010-04-07 15:06:03',5740,0,0,0,5791,200,'0000-00-00 00:00:00'),(241,2,19,1e-05,8,'T',-1,-1,0,'F',-3,1,10000,10000,0,'T',1,1,2,'F','BLOSUM62',0,1e+06,0,0,3,'','F',0,0,'F',0,0,0,'D','p d i e o m v b a z',0,'0','','','neuro_run_1','',12,615586,19196,10,'2010-04-07 15:08:10',5819,0,0,0,15404,200,'0000-00-00 00:00:00'),(242,1,8,10,0,'T',-1,-1,0,'F',-3,1,3,3,0,'T',1,1,2,'F','BLOSUM62',0,0,0,0,3,'','F',0,0,'F',0,0,0,'D','p d i e o v b a',0,'0','','','eng','',19,30175,30173,10,'2010-04-07 16:01:42',9615,0,0,0,0,200,'2010-04-07 19:50:09'),(243,1,8,10,0,'T',-1,-1,0,'F',-3,1,3,3,0,'T',1,1,2,'F','BLOSUM62',0,0,0,0,3,'','F',0,0,'F',0,0,0,'D','p d i e o v b a',0,'0','','','2','',19,59188,59186,10,'2010-04-07 16:02:01',9620,0,0,0,0,200,'2010-04-07 23:00:09'),(244,2,44,1e-05,8,'\'m S\'',-1,-1,0,'F',-3,1,10000,10000,0,'T',1,1,2,'F','BLOSUM62',0,1e+09,0,0,3,'','F',0,0,'F',0,0,0,'D','p d i e o m FU v b a z',0,'0','','','neuro_test200','',12,1,-4,10,'2010-04-07 16:21:15',10191,0,0,0,10532,200,'0000-00-00 00:00:00'),(245,2,44,1e-05,0,'\'m S\'',-1,-1,0,'F',-3,1,10000,10000,0,'T',1,1,2,'F','BLOSUM62',0,1e+09,0,0,3,'','F',0,0,'F',0,0,0,'D','p d i e o m FU v b a z',0,'0','','','neuro_test1','',12,1,-4,10,'2010-04-07 16:36:56',10814,0,0,0,11816,200,'0000-00-00 00:00:00'),(246,2,36,1e-05,8,'\'m S\'',-1,-1,0,'F',-3,1,10000,10000,0,'T',1,1,2,'F','BLOSUM62',0,1e+09,0,0,3,'','F',0,0,'F',0,0,0,'D','p d i e o m FU v b a z',0,'0','','','neuro_test1','',12,1,-2,10,'2010-04-07 17:01:11',12615,0,0,0,15477,200,'0000-00-00 00:00:00'),(247,2,44,1e-05,8,'\'m S\'',-1,-1,0,'F',-3,1,10000,10000,0,'T',1,1,2,'F','BLOSUM62',0,1e+09,0,0,3,'','F',0,0,'F',0,0,0,'D','p d i e o m FU v b a z',0,'0','','','neuro_test200','',12,200,-2,10,'2010-04-07 18:09:11',15501,0,0,0,15888,200,'0000-00-00 00:00:00'),(248,2,44,1e-05,8,'\'m S\'',-1,-1,0,'F',-3,1,10000,10000,0,'T',1,1,2,'F','BLOSUM62',0,1e+09,0,0,3,'','F',0,0,'F',0,0,0,'D','p d i e o m FU v b a z',0,'0','','','neuro_run_1','',12,615586,615584,10,'2010-04-07 18:13:34',15911,0,0,0,0,200,'2010-04-09 06:35:09'),(249,1,8,10,0,'T',-1,-1,0,'F',-3,1,3,3,0,'T',1,1,2,'F','BLOSUM62',0,0,0,0,3,'','F',0,0,'F',0,0,0,'D','p d i e o v b a',0,'0','','','test','',1,1,-1,10,'2010-04-13 09:28:03',3890,0,0,0,4343,200,'2010-04-19 09:30:12'),(250,1,45,1e-05,8,'T',-1,-1,0,'F',-3,1,3,3,0,'T',1,1,2,'F','BLOSUM62',0,0,0,0,3,'','F',0,0,'F',0,0,0,'D','p d i e o m v b a',0,'0','','','viral test','',13,100,98,10,'2010-04-13 09:33:44',4419,0,0,0,4373,200,'2010-04-13 09:35:15'),(251,1,9,10,0,'T',-1,-1,0,'F',-3,1,3,3,0,'T',1,1,2,'F','BLOSUM62',0,0,0,0,3,'','F',0,0,'F',0,0,0,'D','p d i e o v b a',0,'0','','','MID1_newblerN','',10,14215,14213,10,'2010-04-13 14:43:45',10054,0,0,0,0,200,'2010-04-13 14:55:11'),(252,3,19,10,0,'T',-1,-1,0,'F',-3,1,3,3,0,'T',1,1,2,'F','BLOSUM62',0,0,0,0,3,'','F',0,0,'F',0,0,0,'D','p d i e o v b a',0,'0','','','MID1_newblerX','',10,14215,14213,10,'2010-04-13 14:44:16',10060,0,0,0,0,200,'2010-04-13 22:55:10'),(253,1,9,10,0,'T',-1,-1,0,'F',-3,1,3,3,0,'T',1,1,2,'F','BLOSUM62',0,0,0,0,3,'','F',0,0,'F',0,0,0,'D','p d i e o v b a',0,'0','','','MID2_newblerN','',10,19722,19720,10,'2010-04-13 14:44:46',10067,0,0,0,0,200,'2010-04-13 15:10:11'),(254,3,19,10,0,'T',-1,-1,0,'F',-3,1,3,3,0,'T',1,1,2,'F','BLOSUM62',0,0,0,0,3,'','F',0,0,'F',0,0,0,'D','p d i e o v b a',0,'0','','','MID2_newblerX','',10,19722,19720,10,'2010-04-13 14:45:10',10125,0,0,0,0,200,'2010-04-14 00:55:09'),(255,1,9,10,0,'T',-1,-1,0,'F',-3,1,3,3,0,'T',1,1,2,'F','BLOSUM62',0,0,0,0,3,'','F',0,0,'F',0,0,0,'D','p d i e o v b a',0,'0','','','MID3_newblerN','',10,15501,15499,10,'2010-04-13 14:45:37',10150,0,0,0,0,200,'2010-04-13 19:55:09'),(256,3,19,10,0,'T',-1,-1,0,'F',-3,1,3,3,0,'T',1,1,2,'F','BLOSUM62',0,0,0,0,3,'','F',0,0,'F',0,0,0,'D','p d i e o v b a',0,'0','','','MID3_newblerX','',10,15501,15499,10,'2010-04-13 14:46:04',10155,0,0,0,0,200,'2010-04-14 09:05:08'),(257,1,45,-6,8,'T',-1,-1,0,'F',-3,1,3,3,0,'T',1,1,2,'F','BLOSUM62',0,0,0,0,3,'','F',0,0,'F',0,0,0,'D','p d i e o m v b a',0,'0','','','Api_floreaVirus','',23,59010,59008,10,'2010-04-15 10:52:52',20376,0,0,0,0,200,'2010-04-15 10:55:15'),(258,1,45,-6,8,'T',-1,-1,0,'F',-3,1,3,3,0,'T',1,1,2,'F','BLOSUM62',0,0,0,0,3,'','F',0,0,'F',0,0,0,'D','p d i e o m v b a',0,'0','','','Api_mellifVirus','',23,9870,9868,10,'2010-04-15 11:10:55',20685,0,0,0,0,200,'2010-04-18 11:45:14'),(259,1,45,-6,8,'T',-1,-1,0,'F',-3,1,3,3,0,'T',1,1,2,'F','BLOSUM62',0,0,0,0,3,'','F',0,0,'F',0,0,0,'D','p d i e o m v b a',0,'0','','','Bom_impatiVirus','',23,54542,54540,10,'2010-04-15 11:19:20',20776,0,0,0,0,200,'2010-04-15 11:20:12'),(260,1,45,-6,0,'T',-1,-1,0,'F',-3,1,3,3,0,'T',1,1,2,'F','BLOSUM62',0,0,0,0,3,'','F',0,0,'F',0,0,0,'D','p d i e o m v b a',0,'0','','','Api_floreaVirus-pairwise','',23,59010,59008,10,'2010-04-15 11:27:33',21039,0,0,0,0,200,'2010-04-15 11:30:13'),(261,1,45,-6,8,'T',-1,-1,0,'F',-3,1,3,3,0,'T',1,1,2,'F','BLOSUM62',0,0,0,0,3,'','F',0,0,'F',0,0,0,'D','p d i e o m v b a',0,'0','','','BomPs_insuVirus','',23,132756,132754,10,'2010-04-15 11:31:58',21135,0,0,0,0,200,'2010-04-15 11:35:12'),(262,1,45,-6,8,'T',-1,-1,0,'F',-3,1,3,3,0,'T',1,1,2,'F','BLOSUM62',0,0,0,0,3,'','F',0,0,'F',0,0,0,'D','p d i e o m v b a',0,'0','','','api-florea','',13,59010,59008,10,'2010-04-15 11:40:07',21309,0,0,0,22213,200,'2010-04-15 11:45:13'),(263,1,45,-6,8,'T',-1,-1,0,'F',-3,1,3,3,0,'T',1,1,2,'F','BLOSUM62',0,0,0,0,3,'','F',0,0,'F',0,0,0,'D','p d i e o m v b a',0,'0','','','','',13,100,98,10,'2010-04-15 11:41:12',21339,0,0,0,22239,200,'2010-04-15 11:45:16'),(264,1,8,-6,8,'T',-1,-1,0,'F',-3,1,3,3,0,'T',1,1,2,'F','BLOSUM62',0,0,0,0,3,'','F',0,0,'F',0,0,0,'D','p d i e o m v b a',0,'0','','','','',13,100,98,10,'2010-04-15 11:41:44',21353,0,0,0,22265,200,'2010-04-15 11:45:19'),(265,1,45,1e-06,8,'T',-1,-1,0,'F',-3,1,3,3,0,'T',1,1,2,'F','BLOSUM62',0,0,0,0,3,'','F',0,0,'F',0,0,0,'D','p d i e o m v b a',0,'0','','','','',13,59010,59008,10,'2010-04-15 12:02:12',22024,0,0,0,23350,200,'2010-04-15 12:05:13'),(266,1,45,1e-06,0,'T',-1,-1,0,'F',-3,1,3,3,0,'T',1,1,2,'F','BLOSUM62',0,0,0,0,3,'','F',0,0,'F',0,0,0,'D','p d i e o m v b a',0,'0','','','Api_floreaVirus','',23,59010,59008,10,'2010-04-15 12:51:00',22862,0,0,0,0,200,'2010-04-15 12:55:12'),(267,1,45,1e-06,0,'T',-1,-1,0,'F',-3,1,3,3,0,'T',1,1,2,'F','BLOSUM62',0,0,0,0,3,'','F',0,0,'F',0,0,0,'D','p d i e o m v b a',0,'0','','','Bom_impatiVirus','',23,54542,54540,10,'2010-04-15 12:56:04',22957,0,0,0,0,200,'2010-04-15 13:00:13'),(268,1,45,1e-06,0,'T',-1,-1,0,'F',-3,1,3,3,0,'T',1,1,2,'F','BLOSUM62',0,0,0,0,3,'','F',0,0,'F',0,0,0,'D','p d i e o m v b a',0,'0','','','','',23,42816,42814,10,'2010-04-15 13:00:37',23056,0,0,0,0,200,'2010-04-15 13:05:12'),(269,1,45,1e-06,0,'T',-1,-1,0,'F',-3,1,3,3,0,'T',1,1,2,'F','BLOSUM62',0,0,0,0,3,'','F',0,0,'F',0,0,0,'D','p d i e o m v b a',0,'0','','','Bom_terresVirus','',23,42816,42814,10,'2010-04-15 13:04:37',23087,0,0,0,0,200,'2010-04-15 13:10:13'),(270,1,45,1e-06,8,'T',-1,-1,0,'F',-3,1,3,3,0,'T',1,1,2,'F','BLOSUM62',0,0,0,0,3,'','F',0,0,'F',0,0,0,'D','p d i e o m v b a',0,'0','','','Api_floreaVirusTable','',23,59010,59008,10,'2010-04-15 13:18:20',23359,0,0,0,0,200,'2010-04-15 13:25:12'),(271,1,45,1e-06,0,'T',-1,-1,0,'F',-3,1,3,3,0,'T',1,1,2,'F','BLOSUM62',0,0,0,0,3,'','F',0,0,'F',0,0,0,'D','p d i e o m v b a',0,'0','','','BomPs_insuVirus','',23,132756,132754,10,'2010-04-15 13:18:53',23364,0,0,0,0,200,'2010-04-15 13:30:10'),(272,1,45,1e-06,0,'T',-1,-1,0,'F',-3,1,3,3,0,'T',1,1,2,'F','BLOSUM62',0,0,0,0,3,'','F',0,0,'F',0,0,0,'D','p d i e o m v b a',0,'0','','','Cen_flavifVirus','',23,88599,88597,10,'2010-04-15 13:25:34',23639,0,0,0,0,200,'2010-04-15 13:35:10'),(273,1,45,1e-06,0,'T',-1,-1,0,'F',-3,1,3,3,0,'T',1,1,2,'F','BLOSUM62',0,0,0,0,3,'','F',0,0,'F',0,0,0,'D','p d i e o v b a',0,'0','','','Cen_flavifVirusTable','',23,88599,88597,10,'2010-04-15 13:26:00',23644,0,0,0,0,200,'2010-04-15 13:35:10'),(274,1,45,1e-06,8,'T',-1,-1,0,'F',-3,1,3,3,0,'T',1,1,2,'F','BLOSUM62',0,0,0,0,3,'','F',0,0,'F',0,0,0,'D','p d i e o m v b a',0,'0','','','Eug_cordatVirusTable','',23,49830,49828,10,'2010-04-15 13:29:05',23712,0,0,0,0,200,'2010-04-15 13:35:13'),(275,1,45,1e-06,8,'T',-1,-1,0,'F',-3,1,3,3,0,'T',1,1,2,'F','BLOSUM62',0,0,0,0,3,'','F',0,0,'F',0,0,0,'D','p d i e o m v b a',0,'0','','','Eul_nigritVirusTable','',23,56689,56687,10,'2010-04-15 13:30:15',23811,0,0,0,0,200,'2010-04-15 13:35:16'),(276,1,45,1e-06,0,'T',-1,-1,0,'F',-3,1,3,3,0,'T',1,1,2,'F','BLOSUM62',0,0,0,0,3,'','F',0,0,'F',0,0,0,'D','p d i e o m v b a',0,'0','','','Eug_cordatVirus','',23,49830,49828,10,'2010-04-15 13:30:19',23822,0,0,0,0,200,'2010-04-15 13:35:19'),(277,1,45,1e-06,0,'T',-1,-1,0,'F',-3,1,3,3,0,'T',1,1,2,'F','BLOSUM62',0,0,0,0,3,'','F',0,0,'F',0,0,0,'D','p d i e o m v b a',0,'0','','','Frie_variaVirus','',23,50809,50807,10,'2010-04-15 13:31:40',23828,0,0,0,0,200,'2010-04-15 13:35:22'),(278,1,45,1e-06,8,'T',-1,-1,0,'F',-3,1,3,3,0,'T',1,1,2,'F','BLOSUM62',0,0,0,0,3,'','F',0,0,'F',0,0,0,'D','p d i e o m v b a',0,'0','','','Frie_variaVirusTable','',23,50809,50807,10,'2010-04-15 13:32:42',23888,0,0,0,0,200,'2010-04-15 13:35:25'),(279,1,45,1e-06,0,'T',-1,-1,0,'F',-3,1,3,3,0,'T',1,1,2,'F','BLOSUM62',0,0,0,0,3,'','F',0,0,'F',0,0,0,'D','p d i e o m v b a',0,'0','','','Mega_rotunVirus','',23,44670,44668,10,'2010-04-15 13:34:10',23896,0,0,0,0,200,'2010-04-15 13:40:12'),(280,1,45,1e-06,0,'T',-1,-1,0,'F',-3,1,3,3,0,'T',1,1,2,'F','BLOSUM62',0,0,0,0,3,'','F',0,0,'F',0,0,0,'D','p d i e o m v b a',0,'0','','','Megl_genalVirus','',23,34595,34593,10,'2010-04-15 13:34:40',23902,0,0,0,0,200,'2010-04-15 13:40:16'),(281,1,45,1e-06,0,'T',-1,-1,0,'F',-3,1,3,3,0,'T',1,1,2,'F','BLOSUM62',0,0,0,0,3,'','F',0,0,'F',0,0,0,'D','p d i e o m v b a',0,'0','','','Mel_quadriVirus','',23,54525,54523,10,'2010-04-15 13:35:27',24065,0,0,0,0,200,'2010-04-15 13:45:09'),(282,1,45,1e-06,8,'T',-1,-1,0,'F',-3,1,3,3,0,'T',1,1,2,'F','BLOSUM62',0,0,0,0,3,'','F',0,0,'F',0,0,0,'D','p d i e o m v b a',0,'0','','','Mel_quadriVirusTable','',23,54525,54523,10,'2010-04-15 13:36:11',24073,0,0,0,0,200,'2010-04-15 13:40:22'),(283,1,45,1e-06,8,'T',-1,-1,0,'F',-3,1,3,3,0,'T',1,1,2,'F','BLOSUM62',0,0,0,0,3,'','F',0,0,'F',0,0,0,'D','p d i e o m v b a',0,'0','','','Megl_genalVirusTable','',23,34595,34593,10,'2010-04-15 13:37:12',24136,0,0,0,0,200,'2010-04-15 13:40:25'),(284,1,45,1e-06,8,'T',-1,-1,0,'F',-3,1,3,3,0,'T',1,1,2,'F','BLOSUM62',0,0,0,0,3,'','F',0,0,'F',0,0,0,'D','p d i e o m v b a',0,'0','','','Mega_rotunVirusTable','',23,44670,44668,10,'2010-04-15 13:37:20',24140,0,0,0,0,200,'2010-04-15 13:45:12'),(285,1,45,1e-06,8,'T',-1,-1,0,'F',-3,1,3,3,0,'T',1,1,2,'F','BLOSUM62',0,0,0,0,3,'','F',0,0,'F',0,0,0,'D','p d i e o m v b a',0,'0','','','Bom_impatiVirusTable','',23,54542,54540,10,'2010-04-15 13:37:36',24145,0,0,0,0,200,'2010-04-15 13:45:15'),(286,1,45,1e-06,0,'T',-1,-1,0,'F',-3,1,3,3,0,'T',1,1,2,'F','BLOSUM62',0,0,0,0,3,'','F',0,0,'F',0,0,0,'D','p d i e o m v b a',0,'0','','','Eul_nigritVirus','',23,56689,56687,10,'2010-04-15 13:38:39',24159,0,0,0,0,200,'2010-04-15 13:50:09'),(287,1,45,1e-06,8,'T',-1,-1,0,'F',-3,1,3,3,0,'T',1,1,2,'F','BLOSUM62',0,0,0,0,3,'','F',0,0,'F',0,0,0,'D','p d i e o m v b a',0,'0','','','Bom_terresVirusTable','',23,42816,42814,10,'2010-04-15 13:38:56',24164,0,0,0,0,200,'2010-04-15 13:45:22'),(288,1,45,1e-06,8,'T',-1,-1,0,'F',-3,1,3,3,0,'T',1,1,2,'F','BLOSUM62',0,0,0,0,3,'','F',0,0,'F',0,0,0,'D','p d i e o m v b a',0,'0','','','BomPs_insuVirusTable','',23,132756,132754,10,'2010-04-15 13:39:13',24169,0,0,0,0,200,'2010-04-15 13:50:12'),(289,1,45,1e-06,8,'T',-1,-1,0,'F',-3,1,3,3,0,'T',1,1,2,'F','BLOSUM62',0,0,0,0,3,'','F',0,0,'F',0,0,0,'D','p d i e o m v b a',0,'0','','','Cen_flavifVirusTable','',23,88599,88597,10,'2010-04-15 14:00:51',25008,0,0,0,0,200,'2010-04-15 14:05:13'),(290,1,45,1e-06,8,'T',-1,-1,0,'F',-3,1,3,3,0,'T',1,1,2,'F','BLOSUM62',0,0,0,0,3,'','F',0,0,'F',0,0,0,'D','p d i e o m v b a',0,'0','','','Exo_robustVirusTable','',23,60647,60645,10,'2010-04-15 14:02:04',25085,0,0,0,0,200,'2010-04-15 14:10:12'),(291,1,45,1e-06,0,'T',-1,-1,0,'F',-3,1,3,3,0,'T',1,1,2,'F','BLOSUM62',0,0,0,0,3,'','F',0,0,'F',0,0,0,'D','p d i e o m v b a',0,'0','','','Exo_robustVirus','',23,60647,60645,10,'2010-04-15 14:02:12',25089,0,0,0,0,200,'2010-04-15 14:15:10'),(292,1,45,1e-06,0,'T',-1,-1,0,'F',-3,1,3,3,0,'T',1,1,2,'F','BLOSUM62',0,0,0,0,3,'','F',0,0,'F',0,0,0,'D','p d i e o m v b a',0,'0','','','Api_mellifVirus','',23,9870,9868,10,'2010-04-15 14:21:27',25703,0,0,0,0,200,'2010-04-18 18:00:15'),(293,1,45,1e-06,8,'T',-1,-1,0,'F',-3,1,3,3,0,'T',1,1,2,'F','BLOSUM62',0,0,0,0,3,'','F',0,0,'F',0,0,0,'D','p d i e o m v b a',0,'0','','','Api_mellifVirusTable','',23,9870,9868,10,'2010-04-15 14:21:47',25707,0,0,0,0,200,'2010-04-18 19:10:15'),(294,1,45,1e-06,0,'T',-1,-1,0,'F',-3,1,1,1,0,'T',1,1,2,'F','BLOSUM62',0,0,0,0,3,'','F',0,0,'F',0,0,0,'D','p d i e o v b a',0,'0','','','Api_floreaVirus','',23,59010,59008,10,'2010-04-15 17:34:17',31144,0,0,0,0,200,'2010-04-15 17:45:10'),(295,1,45,1e-06,0,'T',-1,-1,0,'F',-3,1,1,1,0,'T',1,1,2,'F','BLOSUM62',0,0,0,0,3,'','F',0,0,'F',0,0,0,'D','p d i e o v b a',0,'0','','','Api_floreaVirus1','',23,59010,59008,10,'2010-04-19 10:19:35',13347,0,0,0,0,200,'2010-04-19 10:55:13'),(296,1,45,1e-06,0,'T',-1,-1,0,'F',-3,1,1,1,0,'T',1,1,2,'F','BLOSUM62',0,0,0,0,3,'','F',0,0,'F',0,0,0,'D','p d i e o m v b a',0,'0','','','Bom_impatiVirus1','',23,54542,54540,10,'2010-04-19 10:20:23',13425,0,0,0,0,200,'2010-04-19 10:55:16'),(297,1,45,1e-06,0,'T',-1,-1,0,'F',-3,1,1,1,0,'T',1,1,2,'F','BLOSUM62',0,0,0,0,3,'','F',0,0,'F',0,0,0,'D','p d i e o m v b a',0,'0','','','BomPs_insuVirus1','',23,132756,132754,10,'2010-04-19 10:24:18',13439,0,0,0,0,200,'2010-04-19 11:00:09'),(298,1,45,1e-06,0,'T',-1,-1,0,'F',-3,1,1,1,0,'T',1,1,2,'F','BLOSUM62',0,0,0,0,3,'','F',0,0,'F',0,0,0,'D','p d i e o m v b a',0,'0','','','Bom_terresVirus1','',23,42816,42814,10,'2010-04-19 10:24:41',13443,0,0,0,0,200,'2010-04-19 11:00:12'),(299,1,45,1e-06,0,'T',-1,-1,0,'F',-3,1,1,1,0,'T',1,1,2,'F','BLOSUM62',0,0,0,0,3,'','F',0,0,'F',0,0,0,'D','p d i e o m v b a',0,'0','','','Cen_flavifVirus1','',23,88599,88597,10,'2010-04-19 10:25:18',13548,0,0,0,0,200,'2010-04-19 11:05:09'),(300,1,45,1e-06,0,'T',-1,-1,0,'F',-3,1,1,1,0,'T',1,1,2,'F','BLOSUM62',0,0,0,0,3,'','F',0,0,'F',0,0,0,'D','p d i e o m v b a',0,'0','','','Eug_cordatVirus1','',23,49830,49828,10,'2010-04-19 10:25:41',13558,0,0,0,0,200,'2010-04-19 11:00:18'),(301,1,45,1e-06,0,'T',-1,-1,0,'F',-3,1,1,1,0,'T',1,1,2,'F','BLOSUM62',0,0,0,0,3,'','F',0,0,'F',0,0,0,'D','p d i e o m v b a',0,'0','','','Eul_nigritVirus1','',23,56689,56687,10,'2010-04-19 10:26:08',13725,0,0,0,0,200,'2010-04-19 11:05:12'),(302,1,45,1e-06,0,'T',-1,-1,0,'F',-3,1,1,1,0,'T',1,1,2,'F','BLOSUM62',0,0,0,0,3,'','F',0,0,'F',0,0,0,'D','p d i e o m v b a',0,'0','','','Exo_robustVirus1','',23,60647,60645,10,'2010-04-19 10:26:59',13734,0,0,0,0,200,'2010-04-19 11:05:15'),(303,1,45,1e-06,0,'T',-1,-1,0,'F',-3,1,1,1,0,'T',1,1,2,'F','BLOSUM62',0,0,0,0,3,'','F',0,0,'F',0,0,0,'D','p d i e o m v b a',0,'0','','','Frie_variaVirus1','',23,50809,50807,10,'2010-04-19 10:27:29',13815,0,0,0,0,200,'2010-04-19 11:05:18'),(304,1,45,1e-06,0,'T',-1,-1,0,'F',-3,1,1,1,0,'T',1,1,2,'F','BLOSUM62',0,0,0,0,3,'','F',0,0,'F',0,0,0,'D','p d i e o m v b a',0,'0','','','Mega_rotunVirus1','',23,44670,44668,10,'2010-04-19 10:28:28',13830,0,0,0,0,200,'2010-04-19 11:05:21'),(305,1,45,1e-06,0,'T',-1,-1,0,'F',-3,1,1,1,0,'T',1,1,2,'F','BLOSUM62',0,0,0,0,3,'','F',0,0,'F',0,0,0,'D','p d i e o m v b a',0,'0','','','Megl_genalVirus1','',23,34595,34593,10,'2010-04-19 10:29:02',13842,0,0,0,0,200,'2010-04-19 11:05:24'),(306,1,45,1e-06,0,'T',-1,-1,0,'F',-3,1,1,1,0,'T',1,1,2,'F','BLOSUM62',0,0,0,0,3,'','F',0,0,'F',0,0,0,'D','p d i e o m v b a',0,'0','','','','',23,54525,54523,10,'2010-04-19 10:29:32',13848,0,0,0,0,200,'2010-04-19 11:05:27'),(307,1,45,1e-06,0,'T',-1,-1,0,'F',-3,1,1,1,0,'T',1,1,2,'F','BLOSUM62',0,0,0,0,3,'','F',0,0,'F',0,0,0,'D','p d i e o m v b a',0,'0','','','Mel_quadriVirus1','',23,54525,54523,10,'2010-04-19 11:05:32',15831,0,0,0,0,200,'2010-04-19 11:10:12'),(308,1,8,10,0,'T',-1,-1,0,'F',-3,1,3,3,0,'T',1,1,2,'F','BLOSUM62',0,0,0,0,3,'','F',0,0,'F',0,0,0,'D','p d i e o v b a',0,'0','','','testing','',1,1287,1286,10,'2010-04-20 09:32:58',4640,0,0,2896,13082,200,'2010-04-25 23:10:12'),(309,1,8,1e-06,8,'T',-1,-1,0,'F',-3,1,1,1,0,'T',1,1,2,'F','BLOSUM62',0,0,0,0,3,'','F',0,0,'F',0,0,0,'D','p d i e o m v b a',0,'0','','','F4-1 vs nt','',13,835748,69398,10,'2010-04-20 10:55:58',9663,0,0,0,11017,200,'0000-00-00 00:00:00'),(310,1,35,10,0,'T',-1,-1,0,'F',-3,1,3,3,0,'T',1,1,2,'F','BLOSUM62',0,0,0,0,3,'','F',0,0,'F',0,0,0,'D','p d i e o v b a',0,'0','','','test2','',1,1287,-2,10,'2010-04-20 10:56:18',9671,0,0,0,9842,200,'0000-00-00 00:00:00'),(311,1,8,1e-06,8,'T',-1,-1,0,'F',-3,1,1,1,0,'T',1,1,2,'F','BLOSUM62',0,0,0,0,3,'','F',0,0,'F',0,0,0,'D','p d i e o m v b a',0,'0','','','F4-2 vs nt','',13,811038,-2,10,'2010-04-20 10:56:47',9721,0,0,0,10681,200,'0000-00-00 00:00:00'),(312,1,8,1e-06,8,'T',-1,-1,0,'F',-3,1,1,1,0,'T',1,1,2,'F','BLOSUM62',0,0,0,0,3,'','F',0,0,'F',0,0,0,'D','p d i e o m v b a',0,'0','','','F4-3 vs nt','',13,1049119,-2,10,'2010-04-20 10:57:36',9890,0,0,0,10652,200,'0000-00-00 00:00:00'),(313,1,34,1e-06,0,'T',-1,-1,0,'F',-3,1,3,3,0,'T',1,1,2,'F','BLOSUM62',0,0,0,0,3,'','F',0,0,'F',0,0,0,'D','p d i e o v b a',0,'0','','','N1-1 vs genome4 ','',13,443461,435198,10,'2010-04-20 11:15:24',11157,0,0,0,11986,200,'0000-00-00 00:00:00'),(314,1,34,1e-06,0,'T',-1,-1,0,'F',-3,1,3,3,0,'T',1,1,2,'F','BLOSUM62',0,0,0,0,3,'','F',0,0,'F',0,0,0,'D','p d i e o v b a',0,'0','','','N1-2 vs genome4 ','',13,434608,307398,10,'2010-04-20 11:15:46',11234,0,0,0,11960,200,'0000-00-00 00:00:00'),(315,1,34,1e-06,0,'T',-1,-1,0,'F',-3,1,3,3,0,'T',1,1,2,'F','BLOSUM62',0,0,0,0,3,'','F',0,0,'F',0,0,0,'D','p d i e o v b a',0,'0','','','N3-1 vs genome4 ','',13,825244,531242,10,'2010-04-20 11:16:25',11361,0,0,0,12310,200,'0000-00-00 00:00:00'),(316,1,34,1e-06,0,'T',-1,-1,0,'F',-3,1,3,3,0,'T',1,1,2,'F','BLOSUM62',0,0,0,0,3,'','F',0,0,'F',0,0,0,'D','p d i e o v b a',0,'0','','','N3-2 vs genome4 ','',13,429800,184198,10,'2010-04-20 11:16:51',11544,0,0,0,12068,200,'0000-00-00 00:00:00'),(317,1,33,1e-06,0,'T',-1,-1,0,'F',-3,1,3,3,0,'T',1,1,2,'F','BLOSUM62',0,0,0,0,3,'','F',0,0,'F',0,0,0,'D','p d i e o v b a',0,'0','','','F1-1','',13,665200,665198,10,'2010-04-20 11:21:22',12394,0,0,0,23324,200,'2010-04-20 14:29:14'),(318,1,33,1e-06,0,'T',-1,-1,0,'F',-3,1,3,3,0,'T',1,1,2,'F','BLOSUM62',0,0,0,0,3,'','F',0,0,'F',0,0,0,'D','p d i e o v b a',0,'0','','','F1-2','',13,545600,545598,10,'2010-04-20 11:21:49',12400,0,0,0,23298,200,'2010-04-20 14:29:14'),(319,1,33,1e-06,0,'T',-1,-1,0,'F',-3,1,3,3,0,'T',1,1,2,'F','BLOSUM62',0,0,0,0,3,'','F',0,0,'F',0,0,0,'D','p d i e o v b a',0,'0','','','F2-1','',13,374800,374798,10,'2010-04-20 11:22:27',12462,0,0,0,23272,200,'2010-04-20 14:50:09'),(320,1,33,1e-06,0,'T',-1,-1,0,'F',-3,1,3,3,0,'T',1,1,2,'F','BLOSUM62',0,0,0,0,3,'','F',0,0,'F',0,0,0,'D','p d i e o v b a',0,'0','','','F2-2','',13,233400,233398,10,'2010-04-20 11:23:00',12553,0,0,0,23246,200,'2010-04-20 14:29:14'),(321,1,33,1e-06,0,'T',-1,-1,0,'F',-3,1,3,3,0,'T',1,1,2,'F','BLOSUM62',0,0,0,0,3,'','F',0,0,'F',0,0,0,'D','p d i e o v b a',0,'0','','','F3-1','',13,152400,152398,10,'2010-04-20 11:23:19',12557,0,0,0,23220,200,'2010-04-20 14:29:14'),(322,1,33,1e-06,0,'T',-1,-1,0,'F',-3,1,3,3,0,'T',1,1,2,'F','BLOSUM62',0,0,0,0,3,'','F',0,0,'F',0,0,0,'D','p d i e o v b a',0,'0','','','F3-2','',13,46400,46398,10,'2010-04-20 11:23:46',12563,0,0,0,23194,200,'2010-04-20 14:29:14'),(323,1,33,1e-06,0,'T',-1,-1,0,'F',-3,1,3,3,0,'T',1,1,2,'F','BLOSUM62',0,0,0,0,3,'','F',0,0,'F',0,0,0,'D','p d i e o v b a',0,'0','','','F4-1','',13,0,-2,10,'2010-04-20 11:25:03',12781,0,0,0,23157,200,'2010-04-20 14:26:51'),(324,1,45,1e-06,8,'T',-1,-1,0,'F',-3,1,1,1,0,'T',1,1,2,'F','BLOSUM62',0,0,0,0,3,'','F',0,0,'F',0,0,0,'D','p d i e o m v b a',0,'0','','','Api_floreaVirus1Table','',23,1400,1398,10,'2010-04-20 11:27:12',12947,0,0,0,0,200,'2010-04-20 14:26:54'),(325,1,45,1e-06,8,'T',-1,-1,0,'F',-3,1,1,1,0,'T',1,1,2,'F','BLOSUM62',0,0,0,0,3,'','F',0,0,'F',0,0,0,'D','p d i e o m v b a',0,'0','','','BomPs_insuVirus1Table','',23,0,-2,10,'2010-04-20 11:28:55',13067,0,0,0,0,200,'2010-04-20 14:26:57'),(326,1,32,10,0,'T',-1,-1,0,'F',-3,1,3,3,0,'T',1,1,2,'F','BLOSUM62',0,0,0,0,3,'','F',0,0,'F',0,0,0,'D','p d i e o v b a',0,'0','','','test','',1,1287,1285,10,'2010-04-20 13:44:54',18795,0,0,2867,0,500,'2010-04-20 14:27:00'),(327,1,33,1e-06,0,'T',-1,-1,0,'F',-3,1,1,1,0,'T',1,1,2,'F','BLOSUM62',0,0,0,0,3,'','F',0,0,'F',0,0,0,'D','p d i e o v b a',0,'0','','','F1-1','',13,882283,882281,10,'2010-04-20 15:11:38',23605,0,0,4526,4970,500,'2010-04-20 15:20:09'),(328,1,33,1e-06,0,'T',-1,-1,0,'F',-3,1,1,1,0,'T',1,1,2,'F','BLOSUM62',0,0,0,0,3,'','F',0,0,'F',0,0,0,'D','p d i e o v b a',0,'0','','','F1-2','',13,661879,661877,10,'2010-04-20 15:17:37',23812,0,0,4459,4629,500,'2010-04-20 15:25:11'),(329,1,33,1e-06,0,'T',-1,-1,0,'F',-3,1,1,1,0,'T',1,1,2,'F','BLOSUM62',0,0,0,0,3,'','F',0,0,'F',0,0,0,'D','p d i e o v b a',0,'0','','','F2-1','',13,758669,758667,10,'2010-04-20 15:18:17',23822,0,0,4451,5101,500,'2010-04-20 15:30:10'),(330,1,33,1e-06,0,'T',-1,-1,0,'F',-3,1,1,1,0,'T',1,1,2,'F','BLOSUM62',0,0,0,0,3,'','F',0,0,'F',0,0,0,'D','p d i e o v b a',0,'0','','','F2-2','',13,646795,646793,10,'2010-04-20 15:19:01',23883,0,0,4446,4602,500,'2010-04-20 15:30:10'),(331,1,33,1e-06,0,'T',-1,-1,0,'F',-3,1,1,1,0,'T',1,1,2,'F','BLOSUM62',0,0,0,0,3,'','F',0,0,'F',0,0,0,'D','p d i e o v b a',0,'0','','','F3-1','',13,858475,858473,10,'2010-04-20 15:23:07',24042,0,0,4440,4942,500,'2010-04-20 15:35:09'),(332,1,33,1e-06,0,'T',-1,-1,0,'F',-3,1,1,1,0,'T',1,1,2,'F','BLOSUM62',0,0,0,0,3,'','F',0,0,'F',0,0,0,'D','p d i e o v b a',0,'0','','','F3-2','',13,729445,729443,10,'2010-04-20 15:24:59',24163,0,0,4422,4576,500,'2010-04-20 15:35:09'),(333,1,33,1e-06,0,'T',-1,-1,0,'F',-3,1,1,1,0,'T',1,1,2,'F','BLOSUM62',0,0,0,0,3,'','F',0,0,'F',0,0,0,'D','p d i e o v b a',0,'0','','','','',13,835748,835746,10,'2010-04-20 15:25:47',24265,24653,24655,0,3042,500,'0000-00-00 00:00:00'),(334,1,33,1e-06,0,'T',-1,-1,0,'F',-3,1,1,1,0,'T',1,1,2,'F','BLOSUM62',0,0,0,0,3,'','F',0,0,'F',0,0,0,'D','p d i e o v b a',0,'0','','','F4-1','',13,835748,835746,10,'2010-04-20 15:26:27',24271,0,0,4417,5075,500,'2010-04-20 15:35:09'),(335,1,33,1e-06,0,'T',-1,-1,0,'F',-3,1,1,1,0,'T',1,1,2,'F','BLOSUM62',0,0,0,0,3,'','F',0,0,'F',0,0,0,'D','p d i e o v b a',0,'0','','','F4-2','',13,811038,811037,10,'2010-04-20 15:27:19',0,0,0,4409,4545,500,'0000-00-00 00:00:00'),(336,1,33,1e-06,0,'T',-1,-1,0,'F',-3,1,1,1,0,'T',1,1,2,'F','BLOSUM62',0,0,0,0,3,'','F',0,0,'F',0,0,0,'D','p d i e o v b a',0,'0','','','F4-3','',13,1049119,1049118,10,'2010-04-20 15:35:23',24986,0,0,3581,4503,500,'2010-04-20 15:50:09'),(337,1,33,1e-06,0,'T',-1,-1,0,'F',-3,1,1,1,0,'T',1,1,2,'F','BLOSUM62',0,0,0,0,3,'','F',0,0,'F',0,0,0,'D','p d i e o v b a',0,'0','','','F7-1','',13,1197162,1197161,10,'2010-04-20 15:35:55',24998,0,0,3565,4912,500,'2010-04-20 15:55:09'),(338,1,33,1e-06,0,'T',-1,-1,0,'F',-3,1,1,1,0,'T',1,1,2,'F','BLOSUM62',0,0,0,0,3,'','F',0,0,'F',0,0,0,'D','p d i e o v b a',0,'0','','','F7-2','',13,909767,909766,10,'2010-04-20 15:36:35',25063,0,0,3547,4450,2000,'2010-04-20 15:50:12'),(339,1,33,1e-06,0,'T',-1,-1,0,'F',-3,1,1,1,0,'T',1,1,2,'F','BLOSUM62',0,0,0,0,3,'','F',0,0,'F',0,0,0,'D','p d i e o v b a',0,'0','','','F7-3','',13,936314,936313,10,'2010-04-20 15:37:12',25108,0,0,3539,5129,2000,'2010-04-20 15:50:12'),(340,1,45,1e-06,8,'T',-1,-1,0,'F',-3,1,1,1,0,'T',1,1,2,'F','BLOSUM62',0,0,0,0,3,'','F',0,0,'F',0,0,0,'D','p d i e o m v b a',0,'0','','','Api_floreaVirus','',23,59010,59009,10,'2010-04-20 15:53:44',26352,0,0,0,0,200,'2010-04-20 16:00:16'),(341,1,33,1e-06,0,'T',-1,-1,0,'F',-3,1,1,1,0,'T',1,1,2,'F','BLOSUM62',0,0,0,0,3,'','F',0,0,'F',0,0,0,'D','p d i e o v b a',0,'0','','','N1-1','',13,443461,443460,10,'2010-04-20 15:56:00',26526,0,0,3525,4876,2000,'2010-04-20 16:05:15'),(342,1,33,1e-06,0,'T',-1,-1,0,'F',-3,1,1,1,0,'T',1,1,2,'F','BLOSUM62',0,0,0,0,3,'','F',0,0,'F',0,0,0,'D','p d i e o v b a',0,'0','','','N1-2','',13,434608,434607,10,'2010-04-20 15:56:38',26589,0,0,3508,4422,2000,'2010-04-20 16:05:15'),(343,1,33,1e-06,0,'T',-1,-1,0,'F',-3,1,1,1,0,'T',1,1,2,'F','BLOSUM62',0,0,0,0,3,'','F',0,0,'F',0,0,0,'D','p d i e o v b a',0,'0','','','N3-1','',13,825244,825243,10,'2010-04-20 15:57:26',26645,0,0,3494,4391,2000,'2010-04-20 16:10:09'),(344,1,33,1e-06,0,'T',-1,-1,0,'F',-3,1,1,1,0,'T',1,1,2,'F','BLOSUM62',0,0,0,0,3,'','F',0,0,'F',0,0,0,'D','p d i e o v b a',0,'0','','','N3-2','',13,1197116,1197115,10,'2010-04-20 15:58:17',26690,0,0,3480,5048,2000,'2010-04-20 16:10:09'),(345,1,33,1e-06,0,'T',-1,-1,0,'F',-3,1,1,1,0,'T',1,1,2,'F','BLOSUM62',0,0,0,0,3,'','F',0,0,'F',0,0,0,'D','p d i e o v b a',0,'0','','','N3-3','',13,904067,904066,10,'2010-04-20 15:59:07',26723,0,0,3475,4849,2000,'2010-04-20 16:10:09'),(346,1,33,1e-06,0,'T',-1,-1,0,'F',-3,1,1,1,0,'T',1,1,2,'F','BLOSUM62',0,0,0,0,3,'','F',0,0,'F',0,0,0,'D','p d i e o v b a',0,'0','','','N4-1','',13,791559,791558,10,'2010-04-20 15:59:57',26789,0,0,3469,4337,2000,'2010-04-20 16:10:09'),(347,1,33,1e-06,0,'T',-1,-1,0,'F',-3,1,1,1,0,'T',1,1,2,'F','BLOSUM62',0,0,0,0,3,'','F',0,0,'F',0,0,0,'D','p d i e o v b a',0,'0','','','N4-2','',13,742328,742327,10,'2010-04-20 16:00:28',26909,0,0,3462,5021,5000,'2010-04-20 16:15:09'),(348,1,33,1e-06,0,'T',-1,-1,0,'F',-3,1,1,1,0,'T',1,1,2,'F','BLOSUM62',0,0,0,0,3,'','F',0,0,'F',0,0,0,'D','p d i e o v b a',0,'0','','','F5-1','',13,699372,699371,10,'2010-04-20 16:01:20',26939,0,0,3450,4822,5000,'2010-04-20 16:15:09'),(349,1,33,1e-06,0,'T',-1,-1,0,'F',-3,1,1,1,0,'T',1,1,2,'F','BLOSUM62',0,0,0,0,3,'','F',0,0,'F',0,0,0,'D','p d i e o v b a',0,'0','','','F5-2','',13,741221,741220,10,'2010-04-20 16:01:45',27004,0,0,3291,4312,5000,'2010-04-20 16:15:09'),(350,1,33,1e-06,0,'T',-1,-1,0,'F',-3,1,1,1,0,'T',1,1,2,'F','BLOSUM62',0,0,0,0,3,'','F',0,0,'F',0,0,0,'D','p d i e o v b a',0,'0','','','F6-1','',13,1026584,1026583,10,'2010-04-20 16:02:23',27012,0,0,3282,4754,5000,'2010-04-20 16:15:09'),(351,1,33,1e-06,0,'T',-1,-1,0,'F',-3,1,1,1,0,'T',1,1,2,'F','BLOSUM62',0,0,0,0,3,'','F',0,0,'F',0,0,0,'D','p d i e o v b a',0,'0','','','F6-2','',13,915128,915127,10,'2010-04-20 16:02:52',27017,0,0,3275,4275,5000,'2010-04-20 16:15:09'),(352,1,33,1e-06,0,'T',-1,-1,0,'F',-3,1,1,1,0,'T',1,1,2,'F','BLOSUM62',0,0,0,0,3,'','F',0,0,'F',0,0,0,'D','p d i e o v b a',0,'0','','','F4-2','',13,811038,811037,10,'2010-04-20 16:28:48',28706,0,0,3270,4705,5000,'2010-04-20 16:40:06'),(353,1,33,1e-06,0,'T',-1,-1,0,'F',-3,1,1,1,0,'T',1,1,2,'F','BLOSUM62',0,0,0,0,3,'','F',0,0,'F',0,0,0,'D','p d i e o v b a',0,'0','','','N5-1','',13,699372,699371,10,'2010-04-20 17:06:15',30624,0,0,3262,4248,5000,'2010-04-20 17:20:09'),(354,1,33,1e-06,0,'T',-1,-1,0,'F',-3,1,1,1,0,'T',1,1,2,'F','BLOSUM62',0,0,0,0,3,'','F',0,0,'F',0,0,0,'D','p d i e o v b a',0,'0','','','N5-2','',13,741221,741220,10,'2010-04-20 17:06:44',30683,0,0,3111,4655,5000,'2010-04-20 17:20:09'),(355,1,33,1e-06,0,'T',-1,-1,0,'F',-3,1,1,1,0,'T',1,1,2,'F','BLOSUM62',0,0,0,0,3,'','F',0,0,'F',0,0,0,'D','p d i e o v b a',0,'0','','','N6-1','',13,1026584,1026583,10,'2010-04-20 17:07:14',30689,0,0,3099,4222,5000,'2010-04-20 17:20:09'),(356,1,33,1e-06,0,'T',-1,-1,0,'F',-3,1,1,1,0,'T',1,1,2,'F','BLOSUM62',0,0,0,0,3,'','F',0,0,'F',0,0,0,'D','p d i e o v b a',0,'0','','','N6-2','',13,915128,915127,10,'2010-04-20 17:07:44',30695,0,0,3086,4195,5000,'2010-04-20 17:20:09'),(357,1,34,1e-06,0,'T',-1,-1,0,'F',-3,1,3,1,0,'T',1,1,2,'F','BLOSUM62',0,0,0,0,3,'','F',0,0,'F',0,0,0,'D','p d i e o v b a',0,'0','','','','',13,646310,646309,10,'2010-04-24 17:32:47',5184,5384,5386,0,5405,5000,'0000-00-00 00:00:00'),(358,1,34,1e-06,0,'T',-1,-1,0,'F',-3,1,1,1,0,'T',1,1,2,'F','BLOSUM62',0,0,0,0,3,'','F',0,0,'F',0,0,0,'D','p d i e o v b a',0,'0','','','F1-1','',13,646310,646309,10,'2010-04-24 17:39:59',5322,0,0,13820,0,5000,'2010-04-24 17:55:13'),(359,1,34,1e-06,0,'T',-1,-1,0,'F',-3,1,1,1,0,'T',1,1,2,'F','BLOSUM62',0,0,0,0,3,'','F',0,0,'F',0,0,0,'D','p d i e o v b a',0,'0','','','F1-2','',13,473451,473450,10,'2010-04-24 17:41:14',5492,0,0,13825,0,5000,'2010-04-24 17:55:13'),(360,1,34,1e-06,0,'T',-1,-1,0,'F',-3,1,1,1,0,'T',1,1,2,'F','BLOSUM62',0,0,0,0,3,'','F',0,0,'F',0,0,0,'D','p d i e o v b a',0,'0','','','F2-1','',13,573903,573902,10,'2010-04-24 17:42:17',5501,0,0,13830,0,5000,'2010-04-24 17:55:14'),(361,1,34,1e-06,0,'T',-1,-1,0,'F',-3,1,1,1,0,'T',1,1,2,'F','BLOSUM62',0,0,0,0,3,'','F',0,0,'F',0,0,0,'D','p d i e o v b a',0,'0','','','F2-2','',13,486449,486448,10,'2010-04-24 17:43:10',5507,0,0,13835,0,5000,'2010-04-24 17:55:14'),(362,1,34,1e-06,0,'T',-1,-1,0,'F',-3,1,1,1,0,'T',1,1,2,'F','BLOSUM62',0,0,0,0,3,'','F',0,0,'F',0,0,0,'D','p d i e o v b a',0,'0','','','F3-1','',13,656858,656857,10,'2010-04-24 17:44:01',5514,0,0,8299,0,5000,'2010-04-24 18:00:13'),(363,1,34,1e-06,0,'T',-1,-1,0,'F',-3,1,1,1,0,'T',1,1,2,'F','BLOSUM62',0,0,0,0,3,'','F',0,0,'F',0,0,0,'D','p d i e o v b a',0,'0','','','F3-2','',13,560183,560182,10,'2010-04-24 17:44:48',5520,0,0,8308,0,5000,'2010-04-24 18:00:13'),(364,1,34,1e-06,0,'T',-1,-1,0,'F',-3,1,1,1,0,'T',1,1,2,'F','BLOSUM62',0,0,0,0,3,'','F',0,0,'F',0,0,0,'D','p d i e o v b a',0,'0','','','F4-1','',13,622642,622641,10,'2010-04-24 17:46:10',5664,0,0,8313,0,5000,'2010-04-24 18:00:13'),(365,1,34,1e-06,0,'T',-1,-1,0,'F',-3,1,1,1,0,'T',1,1,2,'F','BLOSUM62',0,0,0,0,3,'','F',0,0,'F',0,0,0,'D','p d i e o v b a',0,'0','','','F4-2','',13,587851,587850,10,'2010-04-24 17:49:18',5677,0,0,8318,0,5000,'2010-04-24 18:05:12'),(366,1,34,1e-06,0,'T',-1,-1,0,'F',-3,1,1,1,0,'T',1,1,2,'F','BLOSUM62',0,0,0,0,3,'','F',0,0,'F',0,0,0,'D','p d i e o v b a',0,'0','','','F4-3','',13,728740,728739,10,'2010-04-24 17:50:06',5739,0,0,8325,0,5000,'2010-04-24 18:05:12'),(367,1,34,1e-06,0,'T',-1,-1,0,'F',-3,1,1,1,0,'T',1,1,2,'F','BLOSUM62',0,0,0,0,3,'','F',0,0,'F',0,0,0,'D','p d i e o v b a',0,'0','','','F7-1','',13,854342,854341,10,'2010-04-24 17:51:51',5883,0,0,8330,0,5000,'2010-04-24 18:10:09'),(368,1,34,1e-06,0,'T',-1,-1,0,'F',-3,1,1,1,0,'T',1,1,2,'F','BLOSUM62',0,0,0,0,3,'','F',0,0,'F',0,0,0,'D','p d i e o v b a',0,'0','','','F7-2','',13,450681,450680,10,'2010-04-24 17:52:37',5892,0,0,8335,0,5000,'2010-04-24 18:05:15'),(369,1,34,1e-06,0,'T',-1,-1,0,'F',-3,1,1,1,0,'T',1,1,2,'F','BLOSUM62',0,0,0,0,3,'','F',0,0,'F',0,0,0,'D','p d i e o v b a',0,'0','','','F7-3','',13,691666,691665,10,'2010-04-24 17:53:36',5902,0,0,8345,0,5000,'2010-04-24 18:10:09'),(370,1,34,1e-06,0,'T',-1,-1,0,'F',-3,1,1,1,0,'T',1,1,2,'F','BLOSUM62',0,0,0,0,3,'','F',0,0,'F',0,0,0,'D','p d i e o v b a',0,'0','','','N1-1','',13,314584,314583,10,'2010-04-24 17:54:19',5912,0,0,8352,0,5000,'2010-04-24 18:10:09'),(371,1,34,1e-06,0,'T',-1,-1,0,'F',-3,1,1,1,0,'T',1,1,2,'F','BLOSUM62',0,0,0,0,3,'','F',0,0,'F',0,0,0,'D','p d i e o v b a',0,'0','','','N1-2','',13,318917,318916,10,'2010-04-24 17:54:54',5919,0,0,8357,0,5000,'2010-04-24 18:10:10'),(372,1,34,1e-06,0,'T',-1,-1,0,'F',-3,1,1,1,0,'T',1,1,2,'F','BLOSUM62',0,0,0,0,3,'','F',0,0,'F',0,0,0,'D','p d i e o v b a',0,'0','','','N3-1','',13,595381,595380,10,'2010-04-24 17:55:30',6083,0,0,8362,0,5000,'2010-04-24 18:15:09'),(373,1,34,1e-06,0,'T',-1,-1,0,'F',-3,1,1,1,0,'T',1,1,2,'F','BLOSUM62',0,0,0,0,3,'','F',0,0,'F',0,0,0,'D','p d i e o v b a',0,'0','','','N3-2','',13,827118,827117,10,'2010-04-24 17:56:23',6143,0,0,8367,0,5000,'2010-04-24 18:20:09'),(374,1,34,1e-06,0,'T',-1,-1,0,'F',-3,1,1,1,0,'T',1,1,2,'F','BLOSUM62',0,0,0,0,3,'','F',0,0,'F',0,0,0,'D','p d i e o v b a',0,'0','','','N3-3','',13,638622,638621,10,'2010-04-24 17:57:37',6154,0,0,8372,0,5000,'2010-04-24 18:20:09'),(375,1,34,1e-06,0,'T',-1,-1,0,'F',-3,1,1,1,0,'T',1,1,2,'F','BLOSUM62',0,0,0,0,3,'','F',0,0,'F',0,0,0,'D','p d i e o v b a',0,'0','','','N4-1','',13,570643,570642,10,'2010-04-24 17:58:13',6163,0,0,8380,0,5000,'2010-04-24 18:20:09'),(376,1,34,1e-06,0,'T',-1,-1,0,'F',-3,1,1,1,0,'T',1,1,2,'F','BLOSUM62',0,0,0,0,3,'','F',0,0,'F',0,0,0,'D','p d i e o v b a',0,'0','','','N4-2','',13,543493,543492,10,'2010-04-24 17:59:10',6176,0,0,8391,0,5000,'2010-04-24 18:20:09'),(377,1,34,1e-06,0,'T',-1,-1,0,'F',-3,1,1,1,0,'T',1,1,2,'F','BLOSUM62',0,0,0,0,3,'','F',0,0,'F',0,0,0,'D','p d i e o v b a',0,'0','','','N5-1','',13,505431,505430,10,'2010-04-24 17:59:57',6183,0,0,8449,0,5000,'2010-04-24 18:20:09'),(378,1,34,1e-06,0,'T',-1,-1,0,'F',-3,1,1,1,0,'T',1,1,2,'F','BLOSUM62',0,0,0,0,3,'','F',0,0,'F',0,0,0,'D','p d i e o v b a',0,'0','','','N5-2','',13,533519,533518,10,'2010-04-24 18:00:32',6358,0,0,8454,0,5000,'2010-04-24 18:25:09'),(379,1,34,1e-06,0,'T',-1,-1,0,'F',-3,1,1,1,0,'T',1,1,2,'F','BLOSUM62',0,0,0,0,3,'','F',0,0,'F',0,0,0,'D','p d i e o v b a',0,'0','','','N6-1','',13,859975,859974,10,'2010-04-24 18:01:26',6436,0,0,8459,0,5000,'2010-04-24 18:25:09'),(380,1,34,1e-06,0,'T',-1,-1,0,'F',-3,1,1,1,0,'T',1,1,2,'F','BLOSUM62',0,0,0,0,3,'','F',0,0,'F',0,0,0,'D','p d i e o v b a',0,'0','','','N6-2','',13,759618,759617,10,'2010-04-24 18:02:11',6444,0,0,8466,0,5000,'2010-04-24 18:25:09'),(381,1,35,10,0,'T',-1,-1,0,'F',-3,1,3,3,0,'T',1,1,2,'F','BLOSUM62',0,0,0,0,3,'','F',0,0,'F',0,0,0,'D','p d i e o v b a',0,'0','','','test','',1,1287,1286,10,'2010-04-27 10:59:26',6879,0,0,0,0,200,'2010-04-27 11:00:12'),(382,1,37,10,0,'T',-1,-1,0,'F',-3,1,3,3,0,'T',1,1,2,'F','BLOSUM62',0,0,0,0,3,'','F',0,0,'F',0,0,0,'D','p d i e o v b a',0,'0','','','test','',1,1287,1286,10,'2010-04-27 11:01:40',7009,0,0,0,0,200,'2010-04-27 11:05:11'),(383,1,37,10,0,'T',-1,-1,0,'F',-3,1,3,3,0,'T',1,1,2,'F','BLOSUM62',0,0,0,0,3,'','F',0,0,'F',0,0,0,'D','p d i e o v b a',0,'0','','','test','',1,1287,1286,10,'2010-04-27 11:02:23',7015,0,0,0,0,200,'2010-04-27 11:05:15'),(384,1,37,10,0,'T',-1,-1,0,'F',-3,1,3,3,0,'T',1,1,2,'F','BLOSUM62',0,0,0,0,3,'','F',0,0,'F',0,0,0,'D','p d i e o v b a',0,'0','','','test','',1,1287,1286,10,'2010-04-27 11:03:09',7021,0,0,0,0,200,'2010-04-27 11:05:18'),(385,1,59,10,0,'T',-1,-1,0,'F',-3,1,3,3,0,'T',1,1,2,'F','BLOSUM62',0,0,0,0,3,'','F',0,0,'F',0,0,0,'D','p d i e o v b a',0,'0','','','','',1,1287,1286,10,'2010-04-30 09:40:23',1811,0,0,0,0,200,'2010-04-30 09:43:41'),(386,1,35,10,0,'T',-1,-1,0,'F',-3,1,3,3,0,'T',1,1,2,'F','BLOSUM62',0,0,0,0,3,'','F',0,0,'F',0,0,0,'D','p d i e o v b a',0,'0','','','ache_2','',15,1,0,10,'2010-04-30 12:07:48',5912,0,0,0,0,200,'2010-04-30 12:10:04'),(387,1,35,10,0,'T',-1,-1,0,'F',-3,1,3,3,0,'T',1,1,2,'F','BLOSUM62',0,0,0,0,3,'','F',0,0,'F',0,0,0,'D','p d i e o v b a',0,'0','','','8.26','',15,1,0,10,'2010-04-30 13:17:13',7552,0,0,0,0,200,'2010-04-30 13:20:05'),(388,1,8,10,0,'T',-1,-1,0,'F',-3,1,3,3,0,'T',1,1,2,'F','BLOSUM62',0,0,0,0,3,'','F',0,0,'F',0,0,0,'D','p d i e o v b a',0,'0','','','Test job new DB','',1,1287,1286,10,'2010-05-03 08:16:12',15519,0,0,0,0,200,'2010-05-03 08:40:05'),(389,1,8,10,0,'T',-1,-1,0,'F',-3,1,3,3,0,'T',1,1,2,'F','BLOSUM62',0,0,0,0,3,'','F',0,0,'F',0,0,0,'D','p d i e o v b a',0,'0','','','test','',1,1287,1286,10,'2010-05-03 11:34:36',22374,0,0,0,0,200,'2010-05-03 12:00:05'),(390,1,8,10,0,'T',-1,-1,0,'F',-3,1,3,3,0,'T',1,1,2,'F','BLOSUM62',0,0,0,0,3,'','F',0,0,'F',0,0,0,'D','p d i e o v b a',0,'0','','','a','',19,290,289,10,'2010-05-03 17:43:35',1201,0,0,0,0,200,'2010-05-03 18:40:05'),(391,1,8,10,7,'T',-1,-1,0,'F',-3,1,3,3,0,'T',1,1,2,'F','BLOSUM62',0,0,0,0,3,'','F',0,0,'F',0,0,0,'D','p d i e o m v b a',0,'0','','','a','',19,1,0,10,'2010-05-05 16:42:42',31388,0,0,0,0,200,'2010-05-05 16:45:05'),(392,1,34,1e-06,0,'T',-1,-1,0,'F',-3,1,1,1,0,'T',1,1,2,'F','BLOSUM62',0,0,0,0,3,'','F',0,0,'F',0,0,0,'D','p d i e o v b g a',0,'0','','','F1-1 abyss-k45','',13,70962,70961,10,'2010-05-06 15:59:45',6408,0,0,0,6433,1000,'2010-05-06 16:10:01'),(393,1,34,1e-06,0,'T',-1,-1,0,'F',-3,1,1,1,0,'T',1,1,2,'F','BLOSUM62',0,0,0,0,3,'','F',0,0,'F',0,0,0,'D','p d i e o m v b g a',0,'0','','','F1-2 abyss-k45','',13,63866,63865,10,'2010-05-06 16:04:40',6772,0,0,0,6358,2000,'2010-05-06 16:15:02'),(394,1,34,1e-06,0,'T',-1,-1,0,'F',-3,1,1,1,0,'T',1,1,2,'F','BLOSUM62',0,0,0,0,3,'','F',0,0,'F',0,0,0,'D','p d i e o m v b g a',0,'0','','','F2-1 abyss-k45','',13,71337,71336,10,'2010-05-06 16:05:26',6914,0,0,0,6407,5000,'2010-05-06 16:20:01'),(395,1,34,1e-06,0,'T',-1,-1,0,'F',-3,1,1,1,0,'T',1,1,2,'F','BLOSUM62',0,0,0,0,3,'','F',0,0,'F',0,0,0,'D','p d i e o m v b g a',0,'0','','','F2-2 abyss-k45','',13,67040,67039,10,'2010-05-06 16:05:54',6920,0,0,0,6279,5000,'2010-05-06 16:20:01'),(396,1,34,1e-06,0,'T',-1,-1,0,'F',-3,1,1,1,0,'T',1,1,2,'F','BLOSUM62',0,0,0,0,3,'','F',0,0,'F',0,0,0,'D','p d i e o m v b g a',0,'0','','','F3-1 abyss-k45','',13,62315,62314,10,'2010-05-06 16:09:45',7066,0,0,0,6330,2000,'2010-05-06 16:20:01'),(397,1,34,1e-06,0,'T',-1,-1,0,'F',-3,1,1,1,0,'T',1,1,2,'F','BLOSUM62',0,0,0,0,3,'','F',0,0,'F',0,0,0,'D','p d i e o m v b g a',0,'0','','','F3-2 abyss-k45','',13,64795,64794,10,'2010-05-06 16:10:23',7187,0,0,0,6253,2000,'2010-05-06 16:20:02'),(398,1,34,1e-06,0,'T',-1,-1,0,'F',-3,1,1,1,0,'T',1,1,2,'F','BLOSUM62',0,0,0,0,3,'','F',0,0,'F',0,0,0,'D','p d i e o m v b g a',0,'0','','','F3-2 abyss-k45','',13,64795,64794,10,'2010-05-06 16:10:23',7191,0,0,0,6227,2000,'2010-05-06 16:20:02'),(399,1,61,1e-06,0,'T',-1,-1,0,'F',-3,1,1,1,0,'T',1,1,2,'F','BLOSUM62',0,0,0,0,3,'','F',0,0,'F',0,0,0,'D','p d i e o m v b g a',0,'0','','','F1-1 abyss-k45','',13,70962,70961,10,'2010-05-07 15:12:59',6585,0,0,21350,0,2000,'2010-05-07 15:30:02'),(400,1,61,1e-06,8,'T',-1,-1,0,'F',-3,1,1,1,0,'T',1,1,2,'F','BLOSUM62',0,0,0,0,3,'','F',0,0,'F',0,0,0,'D','p d i e o m v b g a',0,'0','','','F1-1 abyss-k45','',13,70962,70961,10,'2010-05-07 15:27:09',7235,0,0,21340,0,2000,'2010-05-07 15:40:04'),(401,1,61,1e-06,8,'T',-1,-1,0,'F',-3,1,1,1,0,'T',1,1,2,'F','BLOSUM62',0,0,0,0,3,'','F',0,0,'F',0,0,0,'D','p d i e o m v b g a',0,'0','','','F1-2 abyss-k45','',13,63866,63865,10,'2010-05-07 15:51:37',7954,0,0,21330,0,2000,'2010-05-07 16:05:04'),(402,1,61,1e-06,8,'T',-1,-1,0,'F',-3,1,1,1,0,'T',1,1,2,'F','BLOSUM62',0,0,0,0,3,'','F',0,0,'F',0,0,0,'D','p d i e o m v b g a',0,'0','','','F2-1 abyss-k45','',13,71337,71336,10,'2010-05-07 15:52:13',7959,0,0,21320,0,2000,'2010-05-07 16:05:08'),(403,1,61,1e-06,8,'T',-1,-1,0,'F',-3,1,1,1,0,'T',1,1,2,'F','BLOSUM62',0,0,0,0,3,'','F',0,0,'F',0,0,0,'D','p d i e o m v b a',0,'0','','','F2-2 abyss-k45','',13,67040,67039,10,'2010-05-07 15:52:46',7966,0,0,21309,0,2000,'2010-05-07 16:15:05'),(404,1,61,1e-06,8,'T',-1,-1,0,'F',-3,1,1,1,0,'T',1,1,2,'F','BLOSUM62',0,0,0,0,3,'','F',0,0,'F',0,0,0,'D','p d i e o m v b g a',0,'0','','','F3-1 abyss-k45','',13,62315,62314,10,'2010-05-07 15:53:30',7971,0,0,21299,0,2000,'2010-05-07 16:15:08'),(405,1,61,1e-06,8,'T',-1,-1,0,'F',-3,1,1,1,0,'T',1,1,2,'F','BLOSUM62',0,0,0,0,3,'','F',0,0,'F',0,0,0,'D','p d i e o m v b g a',0,'0','','','F3-2 abyss-k45','',13,64795,64794,10,'2010-05-07 15:54:48',7983,0,0,21289,0,2000,'2010-05-07 16:15:11'),(406,1,61,1e-06,8,'T',-1,-1,0,'F',-3,1,1,1,0,'T',1,1,2,'F','BLOSUM62',0,0,0,0,3,'','F',0,0,'F',0,0,0,'D','p d i e o m v b g a',0,'0','','','F4-1 abyss-k45','',13,72862,72861,10,'2010-05-07 15:56:06',8106,0,0,21279,0,2000,'2010-05-07 16:20:05'),(407,1,61,1e-06,8,'T',-1,-1,0,'F',-3,1,3,3,0,'T',1,1,2,'F','BLOSUM62',0,0,0,0,3,'','F',0,0,'F',0,0,0,'D','p d i e o m v b g a',0,'0','','','F4-2 abyss-k45','',13,10000,-1,10,'2010-05-07 15:56:39',8111,0,0,0,8126,2000,'0000-00-00 00:00:00'),(408,1,61,1e-06,0,'T',-1,-1,0,'F',-3,1,1,1,0,'T',1,1,2,'F','BLOSUM62',0,0,0,0,3,'','F',0,0,'F',0,0,0,'D','p d i e o m v b g a',0,'0','','','F4-2 abyss-k45','',13,69938,69937,10,'2010-05-07 15:57:40',8158,0,0,21269,0,2000,'2010-05-07 16:30:02'),(409,1,61,1e-06,8,'T',-1,-1,0,'F',-3,1,1,1,0,'T',1,1,2,'F','BLOSUM62',0,0,0,0,3,'','F',0,0,'F',0,0,0,'D','p d i e o m v b g a',0,'0','','','F4-3 abyss-k45','',13,71572,71571,10,'2010-05-07 16:15:47',10166,0,0,21259,0,2000,'2010-05-07 16:30:05'),(410,1,61,1e-06,8,'T',-1,-1,0,'F',-3,1,1,1,0,'T',1,1,2,'F','BLOSUM62',0,0,0,0,3,'','F',0,0,'F',0,0,0,'D','p d i e o m v b g a',0,'0','','','F7-1 abyss-k45','',13,78259,78258,10,'2010-05-07 16:16:31',10192,0,0,21249,0,2000,'2010-05-07 16:30:08'),(411,1,61,1e-06,8,'T',-1,-1,0,'F',-3,1,1,1,0,'T',1,1,2,'F','BLOSUM62',0,0,0,0,3,'','F',0,0,'F',0,0,0,'D','p d i e o m v b g a',0,'0','','','F7-2 abyss-k45','',13,73009,73008,10,'2010-05-07 16:16:58',10201,0,0,21239,0,2000,'2010-05-07 16:40:04'),(412,1,61,1e-06,8,'T',-1,-1,0,'F',-3,1,1,1,0,'T',1,1,2,'F','BLOSUM62',0,0,0,0,3,'','F',0,0,'F',0,0,0,'D','p d i e o m v b g a',0,'0','','','F7-3 abyss-k45','',13,74353,74352,10,'2010-05-07 16:17:35',10209,0,0,21229,0,2000,'2010-05-07 16:40:07'),(413,1,61,1e-06,8,'T',-1,-1,0,'F',-3,1,1,1,0,'T',1,1,2,'F','BLOSUM62',0,0,0,0,3,'','F',0,0,'F',0,0,0,'D','p d i e o m v b g a',0,'0','','','N1-1 abyss-k45','',13,49596,49595,10,'2010-05-07 16:18:31',10214,0,0,21219,0,2000,'2010-05-07 16:40:10'),(414,1,61,1e-06,8,'T',-1,-1,0,'F',-3,1,1,1,0,'T',1,1,2,'F','BLOSUM62',0,0,0,0,3,'','F',0,0,'F',0,0,0,'D','p d i e o m v b g a',0,'0','','','N1-1 abyss-k45 (-g-default))','',13,49596,-1,10,'2010-05-07 16:19:51',10220,0,0,0,10363,2000,'0000-00-00 00:00:00'),(415,1,61,1e-06,8,'T',-1,-1,0,'F',-3,1,1,1,0,'T',1,1,2,'F','BLOSUM62',0,0,0,0,3,'','F',0,0,'F',0,0,0,'D','p d i e o m v b g a',0,'0','','','N1-2 abyss-k45','',13,52944,52943,10,'2010-05-07 16:21:40',10389,0,0,21121,0,2000,'2010-05-07 16:45:05'),(416,1,61,1e-06,8,'T',-1,-1,0,'F',-3,1,1,1,0,'T',1,1,2,'F','BLOSUM62',0,0,0,0,3,'','F',0,0,'F',0,0,0,'D','p d i e o m v b g a',0,'0','','','N3-1 abyss-k45','',13,82616,82615,10,'2010-05-07 16:23:11',10395,0,0,21111,0,2000,'2010-05-07 16:50:05'),(417,1,61,1e-06,8,'T',-1,-1,0,'F',-3,1,1,1,0,'T',1,1,2,'F','BLOSUM62',0,0,0,0,3,'','F',0,0,'F',0,0,0,'D','p d i e o m v b g a',0,'0','','','N3-2 abyss-k45','',13,86075,86074,10,'2010-05-07 16:23:39',10400,0,0,21101,0,2000,'2010-05-07 16:55:04'),(418,1,61,1e-06,8,'T',-1,-1,0,'F',-3,1,1,1,0,'T',1,1,2,'F','BLOSUM62',0,0,0,0,3,'','F',0,0,'F',0,0,0,'D','p d i e o m v b g a',0,'0','','','N3-3 abyss-k45','',13,79846,79845,10,'2010-05-07 16:24:14',10405,0,0,21090,0,2000,'2010-05-07 16:55:07'),(419,1,61,1e-06,8,'T',-1,-1,0,'F',-3,1,1,1,0,'T',1,1,2,'F','BLOSUM62',0,0,0,0,3,'','F',0,0,'F',0,0,0,'D','p d i e o m v b g a',0,'0','','','N4-1 abyss-k45','',13,76602,76601,10,'2010-05-07 19:12:34',14470,0,0,21080,0,2000,'2010-05-07 19:25:04'),(420,1,61,1e-06,8,'T',-1,-1,0,'F',-3,1,1,1,0,'T',1,1,2,'F','BLOSUM62',0,0,0,0,3,'','F',0,0,'F',0,0,0,'D','p d i e o m v b g a',0,'0','','','N4-2 abyss-k45','',13,77176,77175,10,'2010-05-07 19:37:14',15015,0,0,21070,0,2000,'2010-05-07 19:50:04'),(421,1,61,1e-06,8,'T',-1,-1,0,'F',-3,1,1,1,0,'T',1,1,2,'F','BLOSUM62',0,0,0,0,3,'','F',0,0,'F',0,0,0,'D','p d i e o m v b g a',0,'0','','','N5-2 abyss-k45','',13,69275,69274,10,'2010-05-07 19:47:23',15227,0,0,21057,0,2000,'2010-05-07 20:00:05'),(422,1,61,1e-06,8,'T',-1,-1,0,'F',-3,1,1,1,0,'T',1,1,2,'F','BLOSUM62',0,0,0,0,3,'','F',0,0,'F',0,0,0,'D','p d i e o m v b g a',0,'0','','','N6-1 abyss-k45','',13,55458,55457,10,'2010-05-07 19:49:18',15239,0,0,21047,0,2000,'2010-05-07 20:00:08'),(423,1,61,1e-06,8,'T',-1,-1,0,'F',-3,1,1,1,0,'T',1,1,2,'F','BLOSUM62',0,0,0,0,3,'','F',0,0,'F',0,0,0,'D','p d i e o m v b g a',0,'0','','','N5-1 abyss-k45','',13,73428,73427,10,'2010-05-07 19:49:44',15245,0,0,21037,0,2000,'2010-05-07 20:10:05'),(424,1,61,1e-06,8,'T',-1,-1,0,'F',-3,1,1,1,0,'T',1,1,2,'F','BLOSUM62',0,0,0,0,3,'','F',0,0,'F',0,0,0,'D','p d i e o m v b g a',0,'0','','','N6-2 abyss-k45','',13,58105,58104,10,'2010-05-07 19:50:03',15349,0,0,21027,0,5000,'2010-05-07 20:20:04'),(425,3,19,10,0,'T',-1,-1,0,'F',-3,1,3,3,0,'T',1,1,2,'F','BLOSUM62',0,0,0,0,3,'','F',0,0,'F',0,0,0,'D','p d i e o v b a',0,'0','','','1','',19,66,65,10,'2010-05-10 10:32:28',14231,0,0,0,0,200,'2010-05-10 11:05:04'),(426,3,19,10,0,'T',-1,-1,0,'F',-3,1,3,3,0,'T',1,1,2,'F','BLOSUM62',0,0,0,0,3,'','F',0,0,'F',0,0,0,'D','p d i e o v b a',0,'0','','','2','',19,55,54,10,'2010-05-10 10:32:47',14235,0,0,0,0,200,'2010-05-10 11:05:07'),(427,3,19,10,0,'T',-1,-1,0,'F',-3,1,3,3,0,'T',1,1,2,'F','BLOSUM62',0,0,0,0,3,'','F',0,0,'F',0,0,0,'D','p d i e o v b a',0,'0','','','3','',19,53,52,10,'2010-05-10 10:32:58',14240,0,0,0,0,200,'2010-05-10 11:05:10'),(428,1,61,1e-06,8,'T',-1,-1,0,'F',-3,1,1,1,0,'T',1,1,2,'F','BLOSUM62',0,0,0,0,3,'','F',0,0,'F',0,0,0,'D','p d i e o m v b g a',0,'0','','','F4-2 abyss-k45','',13,69938,69937,10,'2010-05-11 10:23:50',12697,0,0,13456,0,2000,'2010-05-11 10:35:04'),(429,1,61,1e-06,8,'T',-1,-1,0,'F',-3,1,1,1,0,'T',1,1,2,'F','BLOSUM62',0,0,0,0,3,'','F',0,0,'F',0,0,0,'D','p d i e o m v b g a',0,'0','','','F1-2 abyss-k40','',13,76150,76149,10,'2010-05-11 14:28:46',17718,0,0,18457,0,2000,'2010-05-11 14:40:05'),(430,1,61,1e-06,8,'T',-1,-1,0,'F',-3,1,3,3,0,'T',1,1,2,'F','BLOSUM62',0,0,0,0,3,'','F',0,0,'F',0,0,0,'D','p d i e o m v b g a',0,'0','','','F1-2 abyss-k50','',13,57395,57394,10,'2010-05-11 14:29:25',17723,0,0,18447,0,2000,'2010-05-11 14:45:04'),(431,1,61,1e-06,8,'T',-1,-1,0,'F',-3,1,1,1,0,'T',1,1,2,'F','BLOSUM62',0,0,0,0,3,'','F',0,0,'F',0,0,0,'D','p d i e o m v b g a',0,'0','','','F1-2 abyss-k55','',13,49268,49267,10,'2010-05-11 14:30:00',17730,0,0,18434,0,2000,'2010-05-11 14:45:07'),(432,5,61,10,0,'T',-1,-1,0,'F',-3,1,3,3,0,'T',1,1,2,'F','BLOSUM62',0,0,0,0,3,'','F',0,0,'F',0,0,0,'D','p d i e o m v b a',0,'0','','','oct_trans','',27,1,0,10,'2010-05-13 18:51:48',20010,0,0,0,24347,200,'2010-05-13 18:55:04'),(433,4,5,10,0,'T',-1,-1,0,'F',-3,1,3,3,0,'T',1,1,2,'F','BLOSUM62',0,0,0,0,3,'','F',0,0,'F',0,0,0,'D','p d i e o m v b a',0,'0','','','OAT of Tn','',27,1,0,10,'2010-05-13 19:25:50',20850,0,0,0,24506,200,'2010-05-13 19:30:04'),(434,4,5,10,0,'T',-1,-1,0,'F',-3,1,3,3,0,'T',1,1,2,'F','BLOSUM62',0,0,0,0,3,'','F',0,0,'F',0,0,0,'D','p d i e o v b a',0,'0','','','All OAT txt file','',27,5,4,10,'2010-05-13 19:40:44',21188,0,0,0,24474,200,'2010-05-13 19:45:05'),(435,4,61,10,0,'T',-1,-1,0,'F',-3,1,3,3,0,'T',1,1,2,'F','BLOSUM62',0,0,0,0,3,'','F',0,0,'F',0,0,0,'D','p d i e o v b a',0,'0','','','Tn OAT txt file','',27,1,0,10,'2010-05-13 19:41:39',21195,0,0,0,24539,200,'2010-05-13 19:45:08'),(436,4,61,10,0,'T',-1,-1,0,'F',-3,1,3,3,0,'T',1,1,2,'F','BLOSUM62',0,0,0,0,3,'','F',0,0,'F',0,0,0,'D','p d i e o v b a',0,'0','','','All OAT txt file checked','',27,5,4,10,'2010-05-13 19:42:07',21202,0,0,0,0,200,'2010-05-13 19:45:11'),(437,1,61,10,0,'T',-1,-1,0,'F',-3,1,3,3,0,'T',1,1,2,'F','BLOSUM62',0,0,0,0,3,'','F',0,0,'F',0,0,0,'D','p d i e o v b a',0,'0','','','OAT Tn nucelotide file','',27,1,0,10,'2010-05-13 20:38:14',22452,0,0,0,0,200,'2010-05-13 20:40:04'),(438,1,61,10,0,'T',-1,-1,0,'F',-3,1,3,3,0,'T',1,1,2,'F','BLOSUM62',0,0,0,0,3,'','F',0,0,'F',0,0,0,'D','p d i e o v b a',0,'0','','','Better T ni OAT','',27,1,0,10,'2010-05-13 20:43:11',22582,0,0,0,0,200,'2010-05-13 20:45:05'),(439,1,61,1e-06,8,'T',-1,-1,0,'F',-3,1,1,1,0,'T',1,1,2,'F','BLOSUM62',0,0,0,0,3,'','F',0,0,'F',0,0,0,'D','p d i e o m v b g a',0,'0','','','Con6-1','',13,6808801,919999,10,'2010-05-17 10:57:15',22982,0,0,0,25480,2000,'0000-00-00 00:00:00'),(440,1,61,1e-06,8,'T',-1,-1,0,'F',-3,1,1,1,0,'T',1,1,2,'F','BLOSUM62',0,0,0,0,3,'','F',0,0,'F',0,0,0,'D','p d i e o m v b g a',0,'0','','','Con6-2','',13,8631563,39999,10,'2010-05-17 11:00:43',23098,0,0,0,24593,2000,'0000-00-00 00:00:00'),(441,1,61,1e-06,8,'T',-1,-1,0,'F',-3,1,1,1,0,'T',1,1,2,'F','BLOSUM62',0,0,0,0,3,'','F',0,0,'F',0,0,0,'D','p d i e o m v b g a',0,'0','','','Nc6-1','',13,5178000,-1,10,'2010-05-17 11:11:17',23353,0,0,0,23957,2000,'0000-00-00 00:00:00'),(442,1,61,1e-06,8,'T',-1,-1,0,'F',-3,1,1,1,0,'T',1,1,2,'F','BLOSUM62',0,0,0,0,3,'','F',0,0,'F',0,0,0,'D','p d i e o m v b g a',0,'0','','','Nc6-2','',13,4772000,-1,10,'2010-05-17 11:13:28',23375,0,0,0,23929,2000,'0000-00-00 00:00:00'),(443,1,8,1e-06,0,'T',-1,-1,0,'F',-3,1,3,3,0,'T',1,1,2,'F','BLOSUM62',0,0,0,0,3,'','F',0,0,'F',0,0,0,'D','p d i e o v b a',0,'0','','','thousand','',13,7,-1,10,'2010-05-17 11:46:39',24388,0,0,0,24837,200,'0000-00-00 00:00:00'),(444,1,63,1e-06,0,'T',-1,-1,0,'F',-3,1,3,3,0,'T',1,1,2,'F','BLOSUM62',0,0,0,0,3,'','F',0,0,'F',0,0,0,'D','p d i e o v b a',0,'0','','','thousand','',13,7,6,10,'2010-05-17 11:57:44',24866,0,0,0,25454,200,'2010-05-17 12:15:09'),(445,1,63,1e-06,8,'T',-1,-1,0,'F',-3,1,1,1,0,'T',1,1,2,'F','BLOSUM62',0,0,0,0,3,'','F',0,0,'F',0,0,0,'D','p d i e o m v b g a',0,'0','','','Con6-1 vs rRNA','',13,1226970,1226969,10,'2010-05-17 13:37:36',27061,0,0,27658,0,5000,'2010-05-17 13:45:05'),(446,1,63,1e-06,8,'T',-1,-1,0,'F',-3,1,1,1,0,'T',1,1,2,'F','BLOSUM62',0,0,0,0,3,'','F',0,0,'F',0,0,0,'D','p d i e o m v b g a',0,'0','','','Con6-2 vs rRNA','',13,1503216,1503215,10,'2010-05-17 13:38:10',27067,0,0,27669,0,5000,'2010-05-17 13:50:08'),(447,1,63,1e-06,8,'T',-1,-1,0,'F',-3,1,1,1,0,'T',1,1,2,'F','BLOSUM62',0,0,0,0,3,'','F',0,0,'F',0,0,0,'D','p d i e o m v b g a',0,'0','','','Nc6-1 vs rRNA','',13,1468729,1468728,10,'2010-05-17 13:38:40',27074,0,0,27679,0,5000,'2010-05-17 13:50:11'),(448,1,63,1e-06,8,'T',-1,-1,0,'F',-3,1,1,1,0,'T',1,1,2,'F','BLOSUM62',0,0,0,0,3,'','F',0,0,'F',0,0,0,'D','p d i e o m v b g a',0,'0','','','Nc6-2 vs rRNA','',13,1069786,1069785,10,'2010-05-17 13:39:09',27080,0,0,27689,0,5000,'2010-05-17 13:45:08'),(449,1,45,1e-06,0,'T',-1,-1,0,'F',-3,1,1,1,0,'T',1,1,2,'F','BLOSUM62',0,0,0,0,3,'','F',0,0,'F',0,0,0,'D','p d i e o m v b a',0,'0','','','BomPs','',23,331538,331537,10,'2010-05-17 19:14:20',20640,0,0,0,0,200,'2010-05-17 19:25:05'),(450,1,45,1e-06,0,'T',-1,-1,0,'F',-3,1,1,1,0,'T',1,1,2,'F','BLOSUM62',0,0,0,0,3,'','F',0,0,'F',0,0,0,'D','p d i e o m v b a',0,'0','','','euglossa','',23,317410,317409,10,'2010-05-17 19:36:40',21178,0,0,0,0,200,'2010-05-17 19:50:02'),(451,1,45,1e-06,0,'T',-1,-1,0,'F',-3,1,1,1,0,'T',1,1,2,'F','BLOSUM62',0,0,0,0,3,'','F',0,0,'F',0,0,0,'D','p d i e o m v b a',0,'0','','','exoneura','',23,421419,421418,10,'2010-05-17 19:37:49',21186,0,0,0,0,200,'2010-05-17 20:00:02'),(452,4,61,10,0,'T',-1,-1,0,'F',-3,1,3,3,0,'T',1,1,2,'F','BLOSUM62',0,0,0,0,3,'','F',0,0,'F',0,0,0,'D','p d i e o m v b a',0,'0','','','SNF of OAT alone','',27,1,0,10,'2010-05-17 19:47:15',21408,0,0,0,22112,200,'2010-05-17 19:50:05'),(453,4,61,10,0,'T',-1,-1,0,'F',-3,1,3,3,0,'T',1,1,2,'F','BLOSUM62',0,0,0,0,3,'','F',0,0,'F',0,0,0,'D','p d i e o v b a',0,'0','','','SNF of OAT alone','',27,1,0,10,'2010-05-17 20:20:04',22226,0,0,0,0,200,'2010-05-17 20:25:05'),(454,4,61,10,0,'T',-1,-1,0,'F',-3,1,3,3,0,'T',1,1,2,'F','BLOSUM62',0,0,0,0,3,'','F',0,0,'F',0,0,0,'D','p d i e o m v b a',0,'0','','','Apis mellifera DAT protein','',27,1,0,10,'2010-05-17 20:35:06',22551,0,0,0,0,200,'2010-05-17 20:40:05'),(455,4,61,10,0,'T',-1,-1,0,'F',-3,1,3,3,0,'T',1,1,2,'F','BLOSUM62',0,0,0,0,3,'','F',0,0,'F',0,0,0,'D','p d i e o m v b a',0,'0','','','Apis Gaba1a','',27,1,0,10,'2010-05-17 20:44:15',22689,0,0,0,0,200,'2010-05-17 20:45:05'),(456,4,61,10,0,'T',-1,-1,0,'F',-3,1,3,3,0,'T',1,1,2,'F','BLOSUM62',0,0,0,0,3,'','F',0,0,'F',0,0,0,'D','p d i e o m v b a',0,'0','','','Apis Gaba1b','',27,1,0,10,'2010-05-17 20:44:38',22693,0,0,0,0,200,'2010-05-17 20:45:08'),(457,1,45,1e-06,0,'T',-1,-1,0,'F',-3,1,1,1,0,'T',1,1,2,'F','BLOSUM62',0,0,0,0,3,'','F',0,0,'F',0,0,0,'D','p d i e o m v b a',0,'0','','','florea','',23,331043,331042,10,'2010-05-18 10:05:32',9216,0,0,0,0,200,'2010-05-18 10:20:06'),(458,1,45,1e-06,0,'T',-1,-1,0,'F',-3,1,1,1,0,'T',1,1,2,'F','BLOSUM62',0,0,0,0,3,'','F',0,0,'F',0,0,0,'D','p d i e o m v b a',0,'0','','','friseo','',23,307929,307928,10,'2010-05-18 10:06:49',9221,0,0,0,0,200,'2010-05-18 10:25:06'),(459,1,45,1e-06,0,'T',-1,-1,0,'F',-3,1,1,1,0,'T',1,1,2,'F','BLOSUM62',0,0,0,0,3,'','F',0,0,'F',0,0,0,'D','p d i e o m v b a',0,'0','','','impatiens','',23,406471,406470,10,'2010-05-18 10:08:08',9228,0,0,0,0,200,'2010-05-18 10:30:06'),(460,1,45,1e-06,0,'T',-1,-1,0,'F',-3,1,1,1,0,'T',1,1,2,'F','BLOSUM62',0,0,0,0,3,'','F',0,0,'F',0,0,0,'D','p d i e o m v b a',0,'0','','','nigritia','',23,376870,376869,10,'2010-05-18 10:13:59',9347,0,0,0,0,200,'2010-05-18 10:35:07'),(461,1,45,1e-06,0,'T',-1,-1,0,'F',-3,1,1,1,0,'T',1,1,2,'F','BLOSUM62',0,0,0,0,3,'','F',0,0,'F',0,0,0,'D','p d i e o m v b a',0,'0','','','terrestris','',23,319505,319504,10,'2010-05-18 10:17:00',9466,0,0,0,0,200,'2010-05-18 10:40:06'),(462,1,45,1e-06,0,'T',-1,-1,0,'F',-3,1,1,1,0,'T',1,1,2,'F','BLOSUM62',0,0,0,0,3,'','F',0,0,'F',0,0,0,'D','p d i e o m v b a',0,'0','','','flavifrons','',23,368110,368109,10,'2010-05-18 10:21:49',9601,0,0,0,0,200,'2010-05-18 10:45:06'),(463,1,45,1e-06,0,'T',-1,-1,0,'F',-3,1,1,1,0,'T',1,1,2,'F','BLOSUM62',0,0,0,0,3,'','F',0,0,'F',0,0,0,'D','p d i e o m v b a',0,'0','','','genalis','',23,368624,368623,10,'2010-05-18 10:29:34',9751,0,0,0,0,200,'2010-05-18 10:50:06'),(464,1,45,1e-06,0,'T',-1,-1,0,'F',-3,1,1,1,0,'T',1,1,2,'F','BLOSUM62',0,0,0,0,3,'','F',0,0,'F',0,0,0,'D','p d i e o m v b a',0,'0','','','melipona','',23,317393,317392,10,'2010-05-18 10:30:22',9880,0,0,0,0,200,'2010-05-18 10:55:05'),(465,1,45,1e-06,0,'T',-1,-1,0,'F',-3,1,1,1,0,'T',1,1,2,'F','BLOSUM62',0,0,0,0,3,'','F',0,0,'F',0,0,0,'D','p d i e o m v b a',0,'0','','','rotundata3','',23,323340,323339,10,'2010-05-18 10:31:13',9886,0,0,0,0,200,'2010-05-18 11:00:02'),(466,1,45,1e-06,0,'T',-1,-1,0,'F',-3,1,1,1,0,'T',1,1,2,'F','BLOSUM62',0,0,0,0,3,'','F',0,0,'F',0,0,0,'D','p d i e o m v b a',0,'0','','','rotundata2','',23,269541,269540,10,'2010-05-18 10:32:32',9893,0,0,0,0,200,'2010-05-18 11:05:01'),(467,1,35,10,0,'T',-1,-1,0,'F',-3,1,3,3,0,'T',1,1,2,'F','BLOSUM62',0,0,0,0,3,'','F',0,0,'F',0,0,0,'D','p d i e o v b a',0,'0','','','8.26','',15,1,0,10,'2010-05-19 14:28:45',32412,0,0,0,0,200,'2010-05-19 14:30:05'),(468,3,19,10,0,'T',-1,-1,0,'F',-3,1,3,3,0,'T',1,1,2,'F','BLOSUM62',0,0,0,0,3,'','F',0,0,'F',0,0,0,'D','p d i e o v b a',0,'0','','','Full_X','',10,51885,51884,10,'2010-05-19 16:32:19',2551,0,0,0,0,200,'2010-05-20 08:55:06'),(469,1,9,10,0,'T',-1,-1,0,'F',-3,1,3,3,0,'T',1,1,2,'F','BLOSUM62',0,0,0,0,3,'','F',0,0,'F',0,0,0,'D','p d i e o v b a',0,'0','','','Full_N','',10,51885,51884,10,'2010-05-19 16:33:34',2558,0,0,0,0,200,'2010-05-20 12:30:07'),(470,3,19,10,0,'T',-1,-1,0,'F',-3,1,3,3,0,'T',1,1,2,'F','BLOSUM62',0,0,0,0,3,'','F',0,0,'F',0,0,0,'D','p d i e o v b a',0,'0','','','Fullinc_X','',10,49382,49381,10,'2010-05-19 16:34:16',2563,0,0,0,0,200,'2010-05-20 21:30:02'),(471,1,9,10,0,'T',-1,-1,0,'F',-3,1,3,3,0,'T',1,1,2,'F','BLOSUM62',0,0,0,0,3,'','F',0,0,'F',0,0,0,'D','p d i e o v b a',0,'0','','','Fullinc_N','',10,49382,49381,10,'2010-05-19 16:34:58',2568,0,0,0,0,200,'2010-05-20 18:30:06'),(472,3,21,10,0,'T',-1,-1,0,'F',-3,1,3,3,0,'T',1,1,2,'F','BLOSUM62',0,0,0,0,3,'','F',0,0,'F',0,0,0,'D','p d i e o v b a',0,'0','','','Full_X_Swiss','',10,51885,51884,10,'2010-05-20 15:42:07',9192,0,0,0,0,200,'2010-05-20 20:20:05'),(473,1,61,10,0,'T',-1,-1,0,'F',-3,1,1,1,0,'T',1,1,2,'F','BLOSUM62',0,0,0,0,3,'','F',0,0,'F',0,0,0,'D','p d i e o m v b g a',0,'0','','','Con6-1 vs gen4','',13,10000,-1,10,'2010-05-20 16:44:56',10572,0,0,0,10670,5000,'0000-00-00 00:00:00'),(474,1,61,1e-06,0,'T',-1,-1,0,'F',-3,1,1,1,0,'T',1,1,2,'F','BLOSUM62',0,0,0,0,3,'','F',0,0,'F',0,0,0,'D','p d i e o m v b g a',0,'0','','','Con6-1 vs gen4','',13,334138,334137,10,'2010-05-20 16:45:30',10707,0,0,19233,0,5000,'2010-05-20 21:00:02'),(475,1,61,1e-06,0,'T',-1,-1,0,'F',-3,1,1,1,0,'T',1,1,2,'F','BLOSUM62',0,0,0,0,3,'','F',0,0,'F',0,0,0,'D','p d i e o m v b g a',0,'0','','','Con6-2 vs gen4','',13,419513,419512,10,'2010-05-20 16:45:56',10713,0,0,19136,0,5000,'2010-05-20 21:15:01'),(476,1,61,1e-06,0,'T',-1,-1,0,'F',-3,1,1,1,0,'T',1,1,2,'F','BLOSUM62',0,0,0,0,3,'','F',0,0,'F',0,0,0,'D','p d i e o m v b g a',0,'0','','','Nc6-1 vs gen4','',13,405252,405251,10,'2010-05-20 16:46:23',10718,0,0,19131,0,5000,'2010-05-20 21:20:01'),(477,1,61,1e-06,0,'T',-1,-1,0,'F',-3,1,1,1,0,'T',1,1,2,'F','BLOSUM62',0,0,0,0,3,'','F',0,0,'F',0,0,0,'D','p d i e o m v b g a',0,'0','','','Nc6-2 vs gen4','',13,285782,285781,10,'2010-05-20 16:46:58',10724,0,0,19117,0,5000,'2010-05-20 21:20:01'),(478,1,35,10,0,'T',-1,-1,0,'F',-3,1,3,3,0,'T',1,1,2,'F','BLOSUM62',0,0,0,0,3,'','F',0,0,'F',0,0,0,'D','p d i e o v b a',0,'0','','','AM01836','',15,1,0,10,'2010-05-21 13:25:30',9352,0,0,0,0,200,'2010-05-21 13:30:05'),(479,1,64,10,0,'T',-1,-1,0,'F',-3,1,3,3,0,'T',1,1,2,'F','BLOSUM62',0,0,0,0,3,'','F',0,0,'F',0,0,0,'D','p d i e o v b a',0,'0','','','Full_N_mouse','',10,51885,51884,10,'2010-05-21 15:43:28',12161,0,0,0,0,200,'2010-05-21 15:55:01'),(480,1,8,1e-06,0,'T',-1,-1,0,'F',-3,1,1,3,0,'T',1,1,2,'F','BLOSUM62',0,0,0,0,3,'','F',0,0,'F',0,0,0,'D','p d i e o m v b g a',0,'0','','','remaining Nc6-1 vs nt','',13,45328,45327,3,'2010-05-25 11:01:05',16917,0,0,18115,0,2000,'2010-05-25 11:40:02'),(481,1,8,1e-06,0,'T',-1,-1,0,'F',-3,1,1,1,0,'T',1,1,2,'F','BLOSUM62',0,0,0,0,3,'','F',0,0,'F',0,0,0,'D','p d i e o m v b g a',0,'0','','','remaining Nc6-2 vs nt','',13,48067,48066,3,'2010-05-25 11:01:36',16923,0,0,18105,0,2000,'2010-05-25 11:40:02'),(482,1,8,1e-06,0,'T',-1,-1,0,'F',-3,1,1,1,0,'T',1,1,2,'F','BLOSUM62',0,0,0,0,3,'','F',0,0,'F',0,0,0,'D','p d i e o m v b g a',0,'0','','','remaining Con6-1 vs nt','',13,25391,25390,3,'2010-05-25 11:02:11',16929,0,0,18131,0,2000,'2010-05-25 11:30:09'),(483,1,8,1e-06,0,'T',-1,-1,0,'F',-3,1,1,1,0,'T',1,1,2,'F','BLOSUM62',0,0,0,0,3,'','F',0,0,'F',0,0,0,'D','p d i e o m v b g a',0,'0','','','remaining Con6-2 vs nt','',13,38039,38038,3,'2010-05-25 11:02:38',16933,0,0,18083,0,2000,'2010-05-25 11:40:02'),(484,1,66,10,8,'T',-1,-1,0,'T',-3,1,10,5,0,'T',1,1,2,'F','BLOSUM62',15,0,0,0,3,'','F',0,0,'T',0,0,0,'D','p d i e o m GU EU IU q r v b a WU n',0,'0','','','oligos_hg19','',28,308938,308937,10,'2010-05-27 12:07:20',12904,0,0,0,14416,5000,'2010-05-27 12:10:05'),(485,1,66,10,8,'T',-1,-1,0,'F',-3,1,3,5,0,'T',1,1,2,'F','BLOSUM62',15,0,0,0,1,'','F',0,0,'F',0,0,0,'D','p d i e o q r v b a WU SU LU',0,'0','','','oligos_hg19_pos_strand','',28,308938,308937,10,'2010-05-27 13:04:52',14065,0,0,0,29699,5000,'2010-05-27 13:10:04'),(486,1,66,10,8,'T',-1,-1,0,'F',-3,1,3,3,0,'T',1,1,2,'F','BLOSUM62',0,0,0,0,3,'','F',0,0,'F',0,0,0,'D','p d i e o m v b a',0,'0','','','oligos_hg19_pos_strand','',28,308938,308937,10,'2010-05-28 01:28:59',30090,0,0,0,30803,5000,'2010-05-28 01:35:04'),(487,1,66,10,8,'T',-1,-1,0,'F',-3,1,3,3,0,'T',1,1,2,'F','BLOSUM62',0,0,0,0,1,'','F',0,0,'F',0,0,0,'D','p d i e o m v b a SU',0,'0','','','oligos_hg19_pos_strand_a','',28,308938,308937,10,'2010-05-28 01:30:24',30192,0,0,0,30777,5000,'2010-05-28 01:35:07'),(488,1,67,10,0,'T',-1,-1,0,'F',-3,1,3,3,0,'T',1,1,2,'F','BLOSUM62',0,0,0,0,2,'','F',0,0,'F',0,0,0,'D','p d i e o v b a SU',0,'0','','','oligos_hg19_neg_strand','',28,308938,113937,10,'2010-05-28 01:31:38',30198,0,0,0,30751,5000,'0000-00-00 00:00:00');
/*!40000 ALTER TABLE `blast_jobs` ENABLE KEYS */;
UNLOCK TABLES;

--
-- Table structure for table `blast_queries`
--

DROP TABLE IF EXISTS `blast_queries`;
CREATE TABLE `blast_queries` (
  `id` int(10) unsigned NOT NULL auto_increment,
  `jobid` smallint(5) unsigned NOT NULL,
  `statusid` tinyint(3) unsigned NOT NULL,
  `reservenode` smallint(2) unsigned NOT NULL,
  `reservepid` smallint(5) unsigned NOT NULL,
  `starttime` datetime NOT NULL,
  `endtime` datetime NOT NULL,
  `chunksize` smallint(4) unsigned NOT NULL,
  PRIMARY KEY  (`id`),
  KEY `id` (`id`),
  KEY `statusid` (`statusid`,`reservenode`,`reservepid`),
  KEY `statusid_2` (`statusid`,`reservenode`,`reservepid`),
  KEY `statusid_3` (`statusid`,`jobid`),
  KEY `statusid_4` (`statusid`,`jobid`,`reservenode`),
  KEY `statusid_5` (`statusid`,`jobid`,`reservenode`)
) ENGINE=InnoDB AUTO_INCREMENT=6216648 DEFAULT CHARSET=latin1;

--
-- Dumping data for table `blast_queries`
--

LOCK TABLES `blast_queries` WRITE;
/*!40000 ALTER TABLE `blast_queries` DISABLE KEYS */;
INSERT INTO `blast_queries` VALUES (6216567,480,3,20,31533,'2010-05-25 11:01:06','2010-05-25 11:31:22',2000),(6216568,480,3,4,17540,'2010-05-25 11:01:07','2010-05-25 11:32:33',2000),(6216569,480,3,5,22322,'2010-05-25 11:01:07','2010-05-25 11:32:26',2000),(6216570,480,3,7,16888,'2010-05-25 11:01:07','2010-05-25 11:32:19',2000),(6216571,480,3,9,18715,'2010-05-25 11:01:08','2010-05-25 11:32:43',2000),(6216572,480,3,8,22908,'2010-05-25 11:01:35','2010-05-25 11:32:26',2000),(6216573,480,3,3,12618,'2010-05-25 11:01:35','2010-05-25 11:32:15',2000),(6216574,480,3,3,12617,'2010-05-25 11:01:35','2010-05-25 11:32:33',2000),(6216575,480,3,3,12615,'2010-05-25 11:01:35','2010-05-25 11:31:42',2000),(6216576,480,3,8,22906,'2010-05-25 11:01:35','2010-05-25 11:32:22',2000),(6216577,480,3,3,12616,'2010-05-25 11:01:35','2010-05-25 11:31:22',2000),(6216578,480,3,8,22905,'2010-05-25 11:01:35','2010-05-25 11:33:09',2000),(6216579,480,3,13,22724,'2010-05-25 11:01:35','2010-05-25 11:32:18',2000),(6216580,480,3,22,23615,'2010-05-25 11:01:35','2010-05-25 11:32:20',2000),(6216581,480,3,13,22723,'2010-05-25 11:01:35','2010-05-25 11:32:13',2000),(6216582,480,3,10,24480,'2010-05-25 11:01:35','2010-05-25 11:32:46',2000),(6216583,480,3,11,18653,'2010-05-25 11:01:35','2010-05-25 11:32:12',2000),(6216584,480,3,8,22907,'2010-05-25 11:01:35','2010-05-25 11:33:00',2000),(6216585,480,3,10,24479,'2010-05-25 11:01:35','2010-05-25 11:32:39',2000),(6216586,480,3,22,23614,'2010-05-25 11:01:35','2010-05-25 11:32:25',2000),(6216587,480,3,11,18651,'2010-05-25 11:01:35','2010-05-25 11:32:26',2000),(6216588,480,3,10,24477,'2010-05-25 11:01:35','2010-05-25 11:32:40',2000),(6216589,480,3,11,18654,'2010-05-25 11:01:35','2010-05-25 11:22:43',1328),(6216590,481,3,21,1423,'2010-05-25 11:01:37','2010-05-25 11:31:08',2000),(6216591,481,3,16,24519,'2010-05-25 11:01:38','2010-05-25 11:32:23',2000),(6216592,481,3,22,23616,'2010-05-25 11:02:05','2010-05-25 11:31:48',2000),(6216593,481,3,1,19699,'2010-05-25 11:02:05','2010-05-25 11:30:44',2000),(6216594,481,3,13,22725,'2010-05-25 11:02:05','2010-05-25 11:31:08',2000),(6216595,481,3,22,23613,'2010-05-25 11:02:05','2010-05-25 11:30:56',2000),(6216596,481,3,1,19701,'2010-05-25 11:02:05','2010-05-25 11:30:59',2000),(6216597,481,3,1,19700,'2010-05-25 11:02:05','2010-05-25 11:32:28',2000),(6216598,481,3,1,19698,'2010-05-25 11:02:05','2010-05-25 11:31:03',2000),(6216599,481,3,11,18652,'2010-05-25 11:02:05','2010-05-25 11:31:19',2000),(6216600,481,3,10,24478,'2010-05-25 11:02:05','2010-05-25 11:30:39',2000),(6216601,481,3,13,22726,'2010-05-25 11:02:05','2010-05-25 11:30:46',2000),(6216602,481,3,18,9281,'2010-05-25 11:02:05','2010-05-25 11:30:53',2000),(6216603,481,3,18,9279,'2010-05-25 11:02:05','2010-05-25 11:31:17',2000),(6216604,481,3,18,9278,'2010-05-25 11:02:05','2010-05-25 11:30:52',2000),(6216605,481,3,18,9280,'2010-05-25 11:02:05','2010-05-25 11:30:47',2000),(6216606,481,3,15,13364,'2010-05-25 11:02:06','2010-05-25 11:31:11',2000),(6216607,481,3,15,13366,'2010-05-25 11:02:06','2010-05-25 11:30:11',2000),(6216608,481,3,15,13367,'2010-05-25 11:02:06','2010-05-25 11:30:27',2000),(6216609,481,3,15,13365,'2010-05-25 11:02:06','2010-05-25 11:30:41',2000),(6216610,481,3,24,11709,'2010-05-25 11:02:06','2010-05-25 11:31:09',2000),(6216611,481,3,24,11710,'2010-05-25 11:02:06','2010-05-25 11:31:11',2000),(6216612,481,3,24,11712,'2010-05-25 11:02:06','2010-05-25 11:31:05',2000),(6216613,481,3,24,11711,'2010-05-25 11:02:06','2010-05-25 11:30:46',2000),(6216614,481,3,14,30602,'2010-05-25 11:02:06','2010-05-25 11:06:43',67),(6216615,482,3,14,30599,'2010-05-25 11:02:36','2010-05-25 11:26:39',2000),(6216616,482,3,14,30601,'2010-05-25 11:02:36','2010-05-25 11:26:50',2000),(6216617,482,3,14,30600,'2010-05-25 11:02:36','2010-05-25 11:26:25',2000),(6216618,482,3,17,25318,'2010-05-25 11:02:36','2010-05-25 11:29:13',2000),(6216619,482,3,20,31531,'2010-05-25 11:02:36','2010-05-25 11:28:54',2000),(6216620,482,3,20,31534,'2010-05-25 11:02:36','2010-05-25 11:29:26',2000),(6216621,482,3,17,25316,'2010-05-25 11:02:36','2010-05-25 11:29:49',2000),(6216622,482,3,17,25317,'2010-05-25 11:02:36','2010-05-25 11:30:04',2000),(6216623,482,3,6,12355,'2010-05-25 11:02:36','2010-05-25 11:29:10',2000),(6216624,482,3,6,12356,'2010-05-25 11:02:36','2010-05-25 11:29:38',2000),(6216625,482,3,6,12354,'2010-05-25 11:02:36','2010-05-25 11:29:37',2000),(6216626,482,3,20,31532,'2010-05-25 11:02:36','2010-05-25 11:28:34',2000),(6216627,482,3,6,12353,'2010-05-25 11:02:36','2010-05-25 11:21:53',1391),(6216628,483,3,17,25315,'2010-05-25 11:03:06','2010-05-25 11:29:49',2000),(6216629,483,3,4,17541,'2010-05-25 11:03:06','2010-05-25 11:29:08',2000),(6216630,483,3,4,17542,'2010-05-25 11:03:06','2010-05-25 11:29:17',2000),(6216631,483,3,4,17539,'2010-05-25 11:03:06','2010-05-25 11:29:16',2000),(6216632,483,3,5,22325,'2010-05-25 11:03:07','2010-05-25 11:29:08',2000),(6216633,483,3,12,32674,'2010-05-25 11:03:07','2010-05-25 11:29:31',2000),(6216634,483,3,12,32676,'2010-05-25 11:03:07','2010-05-25 11:29:07',2000),(6216635,483,3,12,32675,'2010-05-25 11:03:07','2010-05-25 11:29:33',2000),(6216636,483,3,12,32677,'2010-05-25 11:03:07','2010-05-25 11:30:19',2000),(6216637,483,3,5,22323,'2010-05-25 11:03:07','2010-05-25 11:28:40',2000),(6216638,483,3,5,22324,'2010-05-25 11:03:07','2010-05-25 11:29:10',2000),(6216639,483,3,21,1424,'2010-05-25 11:03:07','2010-05-25 11:29:07',2000),(6216640,483,3,21,1421,'2010-05-25 11:03:07','2010-05-25 11:28:56',2000),(6216641,483,3,21,1422,'2010-05-25 11:03:07','2010-05-25 11:29:07',2000),(6216642,483,3,7,16887,'2010-05-25 11:03:07','2010-05-25 11:28:36',2000),(6216643,483,3,7,16889,'2010-05-25 11:03:08','2010-05-25 11:29:03',2000),(6216644,483,3,7,16886,'2010-05-25 11:03:08','2010-05-25 11:29:03',2000),(6216645,483,3,2,1149,'2010-05-25 11:03:08','2010-05-25 11:26:58',2000),(6216646,483,3,2,1147,'2010-05-25 11:03:08','2010-05-25 11:27:33',2000),(6216647,483,3,2,1148,'2010-05-25 11:03:08','2010-05-25 11:06:48',39);
/*!40000 ALTER TABLE `blast_queries` ENABLE KEYS */;
UNLOCK TABLES;

--
-- Table structure for table `blasts`
--

DROP TABLE IF EXISTS `blasts`;
CREATE TABLE `blasts` (
  `id` int(10) unsigned NOT NULL auto_increment,
  `name` varchar(45) NOT NULL,
  `description` text NOT NULL,
  `command` varchar(45) NOT NULL,
  `dbtype` varchar(45) NOT NULL,
  `resources` int(11) NOT NULL,
  PRIMARY KEY  (`id`)
) ENGINE=InnoDB AUTO_INCREMENT=6 DEFAULT CHARSET=latin1;

--
-- Dumping data for table `blasts`
--

LOCK TABLES `blasts` WRITE;
/*!40000 ALTER TABLE `blasts` DISABLE KEYS */;
INSERT INTO `blasts` VALUES (1,'nucleotide blast','Search a nucleotide database using a nucleoti','blastn','n',0),(2,'protein blast','Search protein database using a protein query\r\nAlgorithms: blastp, psi-blast, phi-blast','blastp','p',0),(3,'blastx','Search protein database using a translated nucleotide query','blastx','p',0),(4,'tblastn','Search translated nucleotide database using a protein query','tblastn','n',0),(5,'tblastx','Search translated nucleotide database using a translated nucleotide query','tblastx','n',0);
/*!40000 ALTER TABLE `blasts` ENABLE KEYS */;
UNLOCK TABLES;

--
-- Table structure for table `commands`
--

DROP TABLE IF EXISTS `commands`;
CREATE TABLE `commands` (
  `id` int(10) unsigned NOT NULL auto_increment,
  `command` varchar(45) NOT NULL,
  `description` varchar(45) NOT NULL,
  PRIMARY KEY  (`id`)
) ENGINE=InnoDB AUTO_INCREMENT=4 DEFAULT CHARSET=latin1;

--
-- Dumping data for table `commands`
--

LOCK TABLES `commands` WRITE;
/*!40000 ALTER TABLE `commands` DISABLE KEYS */;
INSERT INTO `commands` VALUES (1,'stop','Soft stop'),(2,'start','Start queries'),(3,'pause','Pause queries');
/*!40000 ALTER TABLE `commands` ENABLE KEYS */;
UNLOCK TABLES;

--
-- Table structure for table `config`
--

DROP TABLE IF EXISTS `config`;
CREATE TABLE `config` (
  `id` int(10) unsigned NOT NULL auto_increment,
  `slavebuffer` int(11) NOT NULL,
  `resultspath` text NOT NULL,
  `queriespath` text NOT NULL,
  `webqueriespath` text NOT NULL,
  `webresultspath` text NOT NULL,
  `webdeletepath` text NOT NULL,
  `csvresultspath` text NOT NULL,
  `webcsvresultspath` text NOT NULL,
  `resultsdestinationpath` text NOT NULL,
  `fromemail` text NOT NULL,
  `transfercompletemsg` text NOT NULL,
  `jobcompletemsg` text NOT NULL,
  `transfercompletesubj` text NOT NULL,
  `jobcompletesubj` text NOT NULL,
  `maintaindbpid` int(11) NOT NULL,
  `url` varchar(45) NOT NULL,
  `chunksize` int(11) NOT NULL,
  `perlfilespath` text NOT NULL,
  `userdbspath` text NOT NULL,
  `maxjobage` int(10) unsigned NOT NULL,
  `dbvolumesize` int(10) unsigned NOT NULL,
  `taxonomypath` text,
  PRIMARY KEY  (`id`)
) ENGINE=InnoDB AUTO_INCREMENT=42 DEFAULT CHARSET=latin1;

--
-- Dumping data for table `config`
--

LOCK TABLES `config` WRITE;
/*!40000 ALTER TABLE `config` DISABLE KEYS */;
INSERT INTO `config` VALUES (3,0,'/home/blastWeb/BLAST/output/','/home/blastWeb/BLAST/queries/','/export/home/blastWeb/BLAST/queries/','/export/home/blastWeb/BLAST/output/','/export/home/blastWeb/BLAST/delete/','/home/blastWeb/BLAST/csvoutput/','/export/home/blastWeb/BLAST/csvoutput/','/export/home/blastWeb/BLAST/concatoutput/','nevoband@igb.uiuc.edu','','','','',0,'http://clcluster.igb.uiuc.edu/webblast/',0,'','',0,0,NULL),(4,0,'/home/blastWeb/BLAST/output/','/home/blastWeb/BLAST/queries/','/export/home/blastWeb/BLAST/queries/','/export/home/blastWeb/BLAST/output/','/export/home/blastWeb/BLAST/delete/','/home/blastWeb/BLAST/csvoutput/','/export/home/blastWeb/BLAST/csvoutput/','/export/home/blastWeb/BLAST/concatoutput/','nevoband@igb.uiuc.edu','','','','',0,'http://clcluster.igb.uiuc.edu/webblast/',0,'','',0,0,NULL),(5,0,'/home/blastWeb/BLAST/output/','/home/blastWeb/BLAST/queries/','/export/home/blastWeb/BLAST/queries/','/export/home/blastWeb/BLAST/output/','/export/home/blastWeb/BLAST/delete/','/home/blastWeb/BLAST/csvoutput/','/export/home/blastWeb/BLAST/csvoutput/','/export/home/blastWeb/BLAST/concatoutput/','nevoband@igb.uiuc.edu','','','','',0,'http://clcluster.igb.uiuc.edu/webblast/',0,'','',0,0,NULL),(6,0,'/home/blastWeb/BLAST/output/','/home/blastWeb/BLAST/queries/','/export/home/blastWeb/BLAST/queries/','/export/home/blastWeb/BLAST/output/','/export/home/blastWeb/BLAST/delete/','/home/blastWeb/BLAST/csvoutput/','/export/home/blastWeb/BLAST/csvoutput/','/export/home/blastWeb/BLAST/concatoutput/','nevoband@igb.uiuc.edu','','','','',0,'http://clcluster.igb.uiuc.edu/webblast/',0,'','',0,0,NULL),(7,0,'/home/blastWeb/BLAST/output/','/home/blastWeb/BLAST/queries/','/export/home/blastWeb/BLAST/queries/','/export/home/blastWeb/BLAST/output/','/export/home/blastWeb/BLAST/delete/','/home/blastWeb/BLAST/csvoutput/','/export/home/blastWeb/BLAST/csvoutput/','/export/home/blastWeb/BLAST/concatoutput/','nevoband@igb.uiuc.edu','','','','',0,'http://clcluster.igb.uiuc.edu/webblast/',0,'','',0,0,NULL),(8,0,'/home/blastWeb/BLAST/output/','/home/blastWeb/BLAST/queries/','/export/home/blastWeb/BLAST/queries/','/export/home/blastWeb/BLAST/output/','/export/home/blastWeb/BLAST/delete/','/home/blastWeb/BLAST/csvoutput/','/export/home/blastWeb/BLAST/csvoutput/','/export/home/blastWeb/BLAST/concatoutput/','nevoband@igb.uiuc.edu','','Thank you for using IGB blast \n','BLAST job#[job] has finished transfering','BLAST Job #[job] has completed',0,'http://clcluster.igb.uiuc.edu/webblast/',0,'','',0,0,NULL),(9,0,'/home/blastWeb/BLAST/output/','/home/blastWeb/BLAST/queries/','/export/home/blastWeb/BLAST/queries/','/export/home/blastWeb/BLAST/output/','/export/home/blastWeb/BLAST/delete/','/home/blastWeb/BLAST/csvoutput/','/export/home/blastWeb/BLAST/csvoutput/','/export/home/blastWeb/BLAST/concatoutput/','nevoband@igb.uiuc.edu','Thank you for using IGB BLAST\r\n\r\nThe files you requested have been transferred to your drop box.\r\n\r\nFor assistance please contact help@igb.uiuc.edu','Thank you for using IGB BLAST\r\n\r\nYou may get your results through the following links.\r\n\r\nTo download Parsed CSV: [csvurl]\r\nTo download Raw blast: [resulturl] \r\n\r\nFor assistance please contact help@igb.uiuc.edu\r\n','BLAST job #[job] has finished transfering','BLAST Job #[job] has completed',0,'http://clcluster.igb.uiuc.edu/webblast/',0,'','',0,0,NULL),(10,0,'/home/blastWeb/BLAST/output/','/home/blastWeb/BLAST/queries/','/export/home/blastWeb/BLAST/queries/','/export/home/blastWeb/BLAST/output/','/export/home/blastWeb/BLAST/delete/','/home/blastWeb/BLAST/csvoutput/','/export/home/blastWeb/BLAST/csvoutput/','/export/home/blastWeb/BLAST/concatoutput/','nevoband@igb.uiuc.edu','Thank you for using IGB BLAST\r\n\r\nThe files you requested have been transferred to your drop box.\r\n\r\nFor assistance please contact help@igb.uiuc.edu','Thank you for using IGB BLAST\r\n\r\nYou may get your results through the following links.\r\n\r\nTo download Parsed CSV: [csvurl]\r\nTo download Raw BLAST: [resulturl] \r\n\r\nFor assistance please contact help@igb.uiuc.edu\r\n','BLAST job #[job] has finished transfering','BLAST Job #[job] has completed',0,'http://clcluster.igb.uiuc.edu/webblast/',0,'','',0,0,NULL),(11,0,'/home/blastWeb/BLAST/output/','/home/blastWeb/BLAST/queries/','/export/home/blastWeb/BLAST/queries/','/export/home/blastWeb/BLAST/output/','/export/home/blastWeb/BLAST/delete/','/home/blastWeb/BLAST/csvoutput/','/export/home/blastWeb/BLAST/csvoutput/','/export/home/blastWeb/BLAST/concatoutput/','nevoband@igb.uiuc.edu','Thank you for using IGB BLAST\r\n\r\nThe files you requested have been transferred to your drop box.\r\n\r\nFor assistance please contact help@igb.uiuc.edu','Thank you for using IGB BLAST\r\n\r\nYou may get your results through the following links.\r\n\r\nTo download Parsed CSV: [csvurl]\r\nTo download Raw BLAST: [resulturl] \r\n\r\nFor assistance please contact help@igb.uiuc.edu\r\n','BLAST job #[job] has finished transfering','BLAST Job #[job] has completed',0,'http://clcluster.igb.uiuc.edu/webblast/',200,'','',0,0,NULL),(13,0,'/home/blastWeb/BLAST/output/','/home/blastWeb/BLAST/queries/','/export/home/blastWeb/BLAST/queries/','/export/home/blastWeb/BLAST/output/','/export/home/blastWeb/BLAST/delete/','/home/blastWeb/BLAST/csvoutput/','/export/home/blastWeb/BLAST/csvoutput/','/export/home/blastWeb/BLAST/concatoutput/','nevoband@igb.uiuc.edu','Thank you for using IGB BLAST\r\n\r\nThe files you requested have been transferred to your drop box.\r\n\r\nFor assistance please contact help@igb.uiuc.edu','Thank you for using IGB BLAST\r\n\r\nYou may get your results through the following links.\r\n\r\nTo download Parsed CSV: [csvurl]\r\nTo download Raw BLAST: [resulturl] \r\n\r\nFor assistance please contact help@igb.uiuc.edu\r\n','BLAST job #[job] has finished transfering','BLAST Job #[job] has completed',0,'http://clcluster.igb.uiuc.edu/webblast/',200,'','',0,0,NULL),(14,0,'/home/blastWeb/BLAST/output/','/home/blastWeb/BLAST/queries/','/export/home/blastWeb/BLAST/queries/','/export/home/blastWeb/BLAST/output/','/export/home/blastWeb/BLAST/delete/','/home/blastWeb/BLAST/csvoutput/','/export/home/blastWeb/BLAST/csvoutput/','/export/home/blastWeb/BLAST/concatoutput/','nevoband@igb.uiuc.edu','Thank you for using IGB BLAST\r\n\r\nThe files you requested have been transferred to your drop box.\r\n\r\nFor assistance please contact help@igb.uiuc.edu','Thank you for using IGB BLAST\r\n\r\nYou may get your results through the following links.\r\n\r\nTo download Parsed CSV: [csvurl]\r\nTo download Raw BLAST: [resulturl] \r\n\r\nFor assistance please contact help@igb.uiuc.edu\r\n','BLAST job #[job] has finished transfering','BLAST Job #[job] has completed',0,'http://clcluster.igb.uiuc.edu/webblast/',100,'','',0,0,NULL),(15,0,'/home/blastWeb/BLAST/output/','/home/blastWeb/BLAST/queries/','/export/home/blastWeb/BLAST/queries/','/export/home/blastWeb/BLAST/output/','/export/home/blastWeb/BLAST/delete/','/home/blastWeb/BLAST/csvoutput/','/export/home/blastWeb/BLAST/csvoutput/','/export/home/blastWeb/BLAST/concatoutput/','nevoband@igb.uiuc.edu','Thank you for using IGB BLAST\r\n\r\nThe files you requested have been transferred to your drop box.\r\n\r\nFor assistance please contact help@igb.uiuc.edu','Thank you for using IGB BLAST\r\n\r\nYou may get your results through the following links.\r\n\r\nTo download Parsed CSV: [csvurl]\r\nTo download Raw BLAST: [resulturl] \r\n\r\nFor assistance please contact help@igb.uiuc.edu\r\n','BLAST job #[job] has finished transfering','BLAST Job #[job] has completed',0,'http://clcluster.igb.uiuc.edu/webblast/',200,'','',0,0,NULL),(16,0,'/home/blastWeb/BLAST/output/','/home/blastWeb/BLAST/queries/','/export/home/blastWeb/BLAST/queries/','/export/home/blastWeb/BLAST/output/','/export/home/blastWeb/BLAST/delete/','/home/blastWeb/BLAST/csvoutput/','/export/home/blastWeb/BLAST/csvoutput/','/export/home/blastWeb/BLAST/concatoutput/','nevoband@igb.uiuc.edu','Thank you for using IGB BLAST\r\n\r\nThe files you requested have been transferred to your drop box.\r\n\r\nFor assistance please contact help@igb.uiuc.edu','Thank you for using IGB BLAST\r\n\r\nYou may get your results through the following links.\r\n\r\nTo download Parsed CSV: [csvurl]\r\nTo download Raw BLAST: [resulturl] \r\n\r\nFor assistance please contact help@igb.uiuc.edu\r\n','BLAST job #[job] has finished transfering','BLAST Job #[job] has completed',0,'http://clcluster.igb.uiuc.edu/webblast/',200,'','',0,0,NULL),(17,0,'/home/blastWeb/BLAST/output/','/home/blastWeb/BLAST/queries/','/export/home/blastWeb/BLAST/queries/','/export/home/blastWeb/BLAST/output/','/export/home/blastWeb/BLAST/delete/','/home/blastWeb/BLAST/csvoutput/','/export/home/blastWeb/BLAST/csvoutput/','/export/home/blastWeb/BLAST/concatoutput/','nevoband@igb.uiuc.edu','Thank you for using IGB BLAST\r\n\r\nThe files you requested have been transferred to your drop box.\r\n\r\nFor assistance please contact help@igb.uiuc.edu','Thank you for using IGB BLAST\r\n\r\nYou may get your results through the following links.\r\n\r\nTo download Parsed CSV: [csvurl]\r\nTo download Raw BLAST: [resulturl] \r\n\r\nFor assistance please contact help@igb.uiuc.edu\r\n','BLAST job #[job] has finished transfering','BLAST Job #[job] has completed',0,'http://clcluster.igb.uiuc.edu/webblast/',200,'','',0,0,NULL),(18,0,'/home/blastWeb/BLAST/output/','/home/blastWeb/BLAST/queries/','/export/home/blastWeb/BLAST/queries/','/export/home/blastWeb/BLAST/output/','/export/home/blastWeb/BLAST/delete/','/home/blastWeb/BLAST/csvoutput/','/export/home/blastWeb/BLAST/csvoutput/','/export/home/blastWeb/BLAST/concatoutput/','nevoband@igb.uiuc.edu','Thank you for using IGB BLAST\r\n\r\nThe files you requested have been transferred to your drop box.\r\n\r\nFor assistance please contact help@igb.uiuc.edu','Thank you for using IGB BLAST\r\n\r\nYou may get your results through the following links.\r\n\r\nTo download Parsed CSV: [csvurl]\r\nTo download Raw BLAST: [resulturl] \r\n\r\nFor assistance please contact help@igb.uiuc.edu\r\n','BLAST job #[job] has finished transfering','BLAST Job #[job] has completed',0,'http://clcluster.igb.uiuc.edu/webblast/',200,'','',0,0,NULL),(19,0,'/home/blastWeb/BLAST/output/','/home/blastWeb/BLAST/queries/','/export/home/blastWeb/BLAST/queries/','/export/home/blastWeb/BLAST/output/','/export/home/blastWeb/BLAST/delete/','/home/blastWeb/BLAST/csvoutput/','/export/home/blastWeb/BLAST/csvoutput/','/export/home/blastWeb/BLAST/concatoutput/','nevoband@igb.uiuc.edu','Thank you for using IGB BLAST\r\n\r\nThe files you requested have been transferred to your drop box.\r\n\r\nFor assistance please contact help@igb.uiuc.edu','Thank you for using IGB BLAST\r\n\r\nYou may get your results through the following links.\r\n\r\nTo download Parsed CSV: [csvurl]\r\nTo download Raw BLAST: [resulturl] \r\n\r\nFor assistance please contact help@igb.uiuc.edu\r\n','BLAST job #[job] has finished transfering','BLAST Job #[job] has completed',0,'http://clcluster.igb.uiuc.edu/webblast/',200,'','',0,0,NULL),(22,0,'/home/blastWeb/BLAST/output/','/home/blastWeb/BLAST/queries/','/export/home/blastWeb/BLAST/queries/','/export/home/blastWeb/BLAST/output/','/export/home/blastWeb/BLAST/delete/','/home/blastWeb/BLAST/csvoutput/','/export/home/blastWeb/BLAST/csvoutput/','/export/home/blastWeb/BLAST/concatoutput/','nevoband@igb.uiuc.edu','Thank you for using IGB BLAST\r\n\r\nThe files you requested have been transferred to your drop box.\r\n\r\nFor assistance please contact help@igb.uiuc.edu','Thank you for using IGB BLAST\r\n\r\nYou may get your results through the following links.\r\n\r\nTo download Parsed CSV: [csvurl]\r\nTo download Raw BLAST: [resulturl] \r\n\r\nFor assistance please contact help@igb.uiuc.edu\r\n','BLAST job #[job] has finished transfering','BLAST Job #[job] has completed',0,'http://clcluster.igb.uiuc.edu/webblast/',200,'','',0,0,NULL),(23,0,'/home/blastWeb/BLAST/output/','/home/blastWeb/BLAST/queries/','/export/home/blastWeb/BLAST/queries/','/export/home/blastWeb/BLAST/output/','/export/home/blastWeb/BLAST/delete/','/home/blastWeb/BLAST/csvoutput/','/export/home/blastWeb/BLAST/csvoutput/','/export/home/blastWeb/BLAST/concatoutput/','nevoband@igb.uiuc.edu','Thank you for using IGB BLAST\r\n\r\nThe files you requested have been transferred to your drop box.\r\n\r\nFor assistance please contact help@igb.uiuc.edu','Thank you for using IGB BLAST\r\n\r\nYou may get your results through the following links.\r\n\r\nTo download Parsed CSV: [csvurl]\r\nTo download Raw BLAST: [resulturl] \r\n\r\nFor assistance please contact help@igb.uiuc.edu\r\n','BLAST job #[job] has finished transfering','BLAST Job #[job] has completed',0,'http://clcluster.igb.uiuc.edu/webblast/',100,'','',0,0,NULL),(24,0,'/home/blastWeb/BLAST/output/','/home/blastWeb/BLAST/queries/','/export/home/blastWeb/BLAST/queries/','/export/home/blastWeb/BLAST/output/','/export/home/blastWeb/BLAST/delete/','/home/blastWeb/BLAST/csvoutput/','/export/home/blastWeb/BLAST/csvoutput/','/export/home/blastWeb/BLAST/concatoutput/','nevoband@igb.uiuc.edu','Thank you for using IGB BLAST\r\n\r\nThe files you requested have been transferred to your drop box.\r\n\r\nFor assistance please contact help@igb.uiuc.edu','Thank you for using IGB BLAST\r\n\r\nYou may get your results through the following links.\r\n\r\nTo download Parsed CSV: [csvurl]\r\nTo download Raw BLAST: [resulturl] \r\n\r\nFor assistance please contact help@igb.uiuc.edu\r\n','BLAST job #[job] has finished transfering','BLAST Job #[job] has completed',0,'http://clcluster.igb.uiuc.edu/webblast/',100,'','',0,0,NULL),(25,0,'/home/blastWeb/BLAST/output/','/home/blastWeb/BLAST/queries/','/export/home/blastWeb/BLAST/queries/','/export/home/blastWeb/BLAST/output/','/export/home/blastWeb/BLAST/delete/','/home/blastWeb/BLAST/csvoutput/','/export/home/blastWeb/BLAST/csvoutput/','/export/home/blastWeb/BLAST/concatoutput/','nevoband@igb.uiuc.edu','Thank you for using IGB BLAST\r\n\r\nThe files you requested have been transferred to your drop box.\r\n\r\nFor assistance please contact help@igb.uiuc.edu','Thank you for using IGB BLAST\r\n\r\nYou may get your results through the following links.\r\n\r\nTo download Parsed CSV: [csvurl]\r\nTo download Raw BLAST: [resulturl] \r\n\r\nFor assistance please contact help@igb.uiuc.edu\r\n','BLAST job #[job] has finished transfering','BLAST Job #[job] has completed',0,'http://clcluster.igb.uiuc.edu/webblast/',100,'/export/home/blastWeb/','',0,0,NULL),(26,0,'/home/blastWeb/BLAST/output/','/home/blastWeb/BLAST/queries/','/export/home/blastWeb/BLAST/queries/','/export/home/blastWeb/BLAST/output/','/export/home/blastWeb/BLAST/delete/','/home/blastWeb/BLAST/csvoutput/','/export/home/blastWeb/BLAST/csvoutput/','/export/home/blastWeb/BLAST/concatoutput/','nevoband@igb.uiuc.edu','Thank you for using IGB BLAST\r\n\r\nThe files you requested have been transferred to your drop box.\r\n\r\nFor assistance please contact help@igb.uiuc.edu','Thank you for using IGB BLAST\r\n\r\nYou may get your results through the following links.\r\n\r\nTo download Parsed CSV: [csvurl]\r\nTo download Raw BLAST: [resulturl] \r\n\r\nPlease delete your job if you are satisfied with your results.\r\n\r\nFor assistance please contact help@igb.uiuc.edu\r\n','BLAST job #[job] has finished transfering','BLAST Job #[job] has completed',0,'http://clcluster.igb.uiuc.edu/webblast/',100,'/export/home/blastWeb/','',0,0,NULL),(27,0,'/home/blastWeb/BLAST/output/','/home/blastWeb/BLAST/queries/','/export/home/blastWeb/BLAST/queries/','/export/home/blastWeb/BLAST/output/','/export/home/blastWeb/BLAST/delete/','/home/blastWeb/BLAST/csvoutput/','/export/home/blastWeb/BLAST/csvoutput/','/export/home/blastWeb/BLAST/concatoutput/','nevoband@igb.uiuc.edu','Thank you for using IGB BLAST\r\n\r\nThe files you requested have been transferred to your drop box.\r\n\r\nFor assistance please contact help@igb.uiuc.edu','Thank you for using IGB BLAST\r\n\r\nYou may get your results through the following links.\r\n\r\nTo download Parsed CSV: [csvurl]\r\nTo download Raw BLAST: [resulturl] \r\n\r\nFor assistance please contact help@igb.uiuc.edu\r\n','BLAST job #[job] has finished transfering','BLAST Job #[job] has completed',0,'http://clcluster.igb.uiuc.edu/webblast/',100,'/export/home/blastWeb/','',0,0,NULL),(28,0,'/home/blastWeb/BLAST/output/','/home/blastWeb/BLAST/queries/','/blastWeb/BLAST/queries/','/blastWeb/BLAST/output/','/blastWeb/BLAST/delete/','/home/blastWeb/BLAST/csvoutput/','/blastWeb/BLAST/csvoutput/','/blastWeb/BLAST/concatoutput/','nevoband@igb.uiuc.edu','Thank you for using IGB BLAST\r\n\r\nThe files you requested have been transferred to your drop box.\r\n\r\nFor assistance please contact help@igb.uiuc.edu','Thank you for using IGB BLAST\r\n\r\nYou may get your results through the following links.\r\n\r\nTo download Parsed CSV: [csvurl]\r\nTo download Raw BLAST: [resulturl] \r\n\r\nFor assistance please contact help@igb.uiuc.edu\r\n','BLAST job #[job] has finished transfering','BLAST Job #[job] has completed',0,'http://clcluster.igb.uiuc.edu/webblast/',100,'/blastWeb/','',0,0,NULL),(29,0,'/home/blastWeb/BLAST/output/','/home/blastWeb/BLAST/queries/','/blastWeb/BLAST/queries/','/blastWeb/BLAST/output/','/blastWeb/BLAST/delete/','/home/blastWeb/BLAST/csvoutput/','/blastWeb/BLAST/csvoutput/','/blastWeb/BLAST/concatoutput/','nevoband@igb.uiuc.edu','Thank you for using IGB BLAST\r\n\r\nThe files you requested have been transferred to your drop box.\r\n\r\nFor assistance please contact help@igb.uiuc.edu','Thank you for using IGB BLAST\r\n\r\nYou may get your results through the following links.\r\n\r\nTo download Parsed CSV: [csvurl]\r\nTo download Raw BLAST: [resulturl] \r\n\r\nFor assistance please contact help@igb.uiuc.edu\r\n','BLAST job #[job] has finished transfering','BLAST Job #[job] has completed',0,'http://clcluster.igb.uiuc.edu/webblast/',200,'/blastWeb/','/export/home/blastdbs/userdbs/',0,0,NULL),(30,0,'/home/blastWeb/BLAST/output/','/home/blastWeb/BLAST/queries/','/blastWeb/BLAST/queries/','/blastWeb/BLAST/output/','/blastWeb/BLAST/delete/','/home/blastWeb/BLAST/csvoutput/','/blastWeb/BLAST/csvoutput/','/blastWeb/BLAST/concatoutput/','nevoband@igb.uiuc.edu','Thank you for using IGB BLAST\r\n\r\nThe files you requested have been transferred to your drop box.\r\n\r\nFor assistance please contact help@igb.uiuc.edu','Thank you for using IGB BLAST\r\n\r\nYou may get your results through the following links.\r\n\r\nTo download Parsed CSV: [csvurl]\r\nTo download Raw BLAST: [resulturl] \r\n\r\nFor assistance please contact help@igb.uiuc.edu\r\n','BLAST job #[job] has finished transfering','BLAST Job #[job] has completed',0,'http://clcluster.igb.uiuc.edu/webblast/',100,'/blastWeb/','',0,0,NULL),(31,0,'/home/blastWeb/BLAST/output/','/home/blastWeb/BLAST/queries/','/blastWeb/BLAST/queries/','/blastWeb/BLAST/output/','/blastWeb/BLAST/delete/','/home/blastWeb/BLAST/csvoutput/','/blastWeb/BLAST/csvoutput/','/blastWeb/BLAST/concatoutput/','nevoband@igb.uiuc.edu','Thank you for using IGB BLAST\r\n\r\nThe files you requested have been transferred to your drop box.\r\n\r\nFor assistance please contact help@igb.uiuc.edu','Thank you for using IGB BLAST\r\n\r\nYou may get your results through the following links.\r\n\r\nTo download Parsed CSV: [csvurl]\r\nTo download Raw BLAST: [resulturl] \r\n\r\nFor assistance please contact help@igb.uiuc.edu\r\n','BLAST job #[job] has finished transfering','BLAST Job #[job] has completed',0,'http://clcluster.igb.uiuc.edu/webblast/',200,'/blastWeb/','',0,0,NULL),(32,0,'/home/blastWeb/BLAST/output/','/home/blastWeb/BLAST/queries/','/blastWeb/BLAST/queries/','/blastWeb/BLAST/output/','/blastWeb/BLAST/delete/','/home/blastWeb/BLAST/csvoutput/','/blastWeb/BLAST/csvoutput/','/blastWeb/BLAST/concatoutput/','nevoband@igb.uiuc.edu','Thank you for using IGB BLAST\r\n\r\nThe files you requested have been transferred to your drop box.\r\n\r\nFor assistance please contact help@igb.uiuc.edu','Thank you for using IGB BLAST\r\n\r\nIMPORTANT: JOBS WILL BE DELETED 5 DAYS AFTER COMPLETION IN ORDER TO CLEAR SPACE FOR NEW JOBS.\r\n\r\nYou may get your results through the following links.\r\n\r\nTo download Parsed CSV: [csvurl]\r\nTo download Raw BLAST: [resulturl] \r\n\r\nFor assistance please contact help@igb.uiuc.edu\r\n','BLAST job #[job] has finished transfering','BLAST Job #[job] has completed',0,'http://clcluster.igb.uiuc.edu/webblast/',200,'/blastWeb/','',0,0,NULL),(33,0,'/home/blastWeb/BLAST/output/','/home/blastWeb/BLAST/queries/','/blastWeb/BLAST/queries/','/blastWeb/BLAST/output/','/blastWeb/BLAST/delete/','/home/blastWeb/BLAST/csvoutput/','/blastWeb/BLAST/csvoutput/','/blastWeb/BLAST/concatoutput/','nevoband@igb.uiuc.edu','Thank you for using IGB BLAST\r\n\r\nThe files you requested have been transferred to your drop box.\r\n\r\nFor assistance please contact help@igb.uiuc.edu','Thank you for using IGB BLAST\r\n\r\nIMPORTANT: JOBS WILL BE DELETED 5 DAYS AFTER COMPLETION IN ORDER TO CLEAR SPACE FOR NEW JOBS.\r\n\r\nYou may get your results through the following links.\r\n\r\nTo download Parsed CSV: [csvurl]\r\nTo download Raw BLAST: [resulturl] \r\n\r\nFor assistance please contact help@igb.uiuc.edu\r\n','BLAST job #[job] has finished transfering','BLAST Job #[job] has completed',0,'http://clcluster.igb.uiuc.edu/webblast/',200,'/blastWeb/','',7,0,NULL),(34,0,'/home/blastWeb/BLAST/output/','/home/blastWeb/BLAST/queries/','/blastWeb/BLAST/queries/','/blastWeb/BLAST/output/','/blastWeb/BLAST/delete/','/home/blastWeb/BLAST/csvoutput/','/blastWeb/BLAST/csvoutput/','/blastWeb/BLAST/concatoutput/','nevoband@igb.uiuc.edu','Thank you for using IGB BLAST\r\n\r\nThe files you requested have been transferred to your drop box.\r\n\r\nFor assistance please contact help@igb.uiuc.edu','Thank you for using IGB BLAST\r\n\r\nIMPORTANT: JOBS WILL BE DELETED 5 DAYS AFTER COMPLETION IN ORDER TO CLEAR SPACE FOR NEW JOBS.\r\n\r\nYou may get your results through the following links.\r\n\r\nTo download Parsed CSV: [csvurl]\r\nTo download Raw BLAST: [resulturl] \r\n\r\nFor assistance please contact help@igb.uiuc.edu\r\n','BLAST job #[job] has finished transfering','BLAST Job #[job] has completed',0,'http://clcluster.igb.uiuc.edu/webblast/',200,'/blastWeb/','',6,0,NULL),(35,0,'/home/blastWeb/BLAST/output/','/home/blastWeb/BLAST/queries/','/blastWeb/BLAST/queries/','/blastWeb/BLAST/output/','/blastWeb/BLAST/delete/','/home/blastWeb/BLAST/csvoutput/','/blastWeb/BLAST/csvoutput/','/blastWeb/BLAST/concatoutput/','nevoband@igb.uiuc.edu','Thank you for using IGB BLAST\r\n\r\nThe files you requested have been transferred to your drop box.\r\n\r\nFor assistance please contact help@igb.uiuc.edu','Thank you for using IGB BLAST\r\n\r\nIMPORTANT: JOBS WILL BE DELETED 5 DAYS AFTER COMPLETION IN ORDER TO CLEAR SPACE FOR NEW JOBS.\r\n\r\nYou may get your results through the following links.\r\n\r\nTo download Parsed CSV: [csvurl]\r\nTo download Raw BLAST: [resulturl] \r\n\r\nFor assistance please contact help@igb.uiuc.edu\r\n','BLAST job #[job] has finished transfering','BLAST Job #[job] has completed',0,'http://clcluster.igb.uiuc.edu/webblast/',200,'/blastWeb/','',10,0,NULL),(36,0,'/home/blastWeb/BLAST/output/','/home/blastWeb/BLAST/queries/','/blastWeb/BLAST/queries/','/blastWeb/BLAST/output/','/blastWeb/BLAST/delete/','/home/blastWeb/BLAST/csvoutput/','/blastWeb/BLAST/csvoutput/','/blastWeb/BLAST/concatoutput/','nevoband@igb.uiuc.edu','Thank you for using IGB BLAST\r\n\r\nThe files you requested have been transferred to your drop box.\r\n\r\nFor assistance please contact help@igb.uiuc.edu','Thank you for using IGB BLAST\r\n\r\nIMPORTANT: JOBS WILL BE DELETED 5 DAYS AFTER COMPLETION IN ORDER TO CLEAR SPACE FOR NEW JOBS.\r\n\r\nYou may get your results through the following links.\r\n\r\nTo download Parsed CSV: [csvurl]\r\nTo download Raw BLAST: [resulturl] \r\n\r\nFor assistance please contact help@igb.uiuc.edu\r\n','BLAST job #[job] has finished transfering','BLAST Job #[job] has completed',0,'http://clcluster.igb.uiuc.edu/webblast/',200,'/blastWeb/','',7,0,NULL),(37,0,'/home/blastWeb/BLAST/output/','/home/blastWeb/BLAST/queries/','/blastWeb/BLAST/queries/','/blastWeb/BLAST/output/','/blastWeb/BLAST/delete/','/home/blastWeb/BLAST/csvoutput/','/blastWeb/BLAST/csvoutput/','/blastWeb/BLAST/concatoutput/','nevoband@igb.uiuc.edu','Thank you for using IGB BLAST\r\n\r\nThe files you requested have been transferred to your drop box.\r\n\r\nFor assistance please contact help@igb.uiuc.edu','Thank you for using IGB BLAST\r\n\r\nIMPORTANT: JOBS WILL BE DELETED 5 DAYS AFTER COMPLETION IN ORDER TO CLEAR SPACE FOR NEW JOBS.\r\n\r\nYou may get your results through the following links.\r\n\r\nTo download Parsed CSV: [csvurl]\r\nTo download Raw BLAST: [resulturl] \r\n\r\nFor assistance please contact help@igb.uiuc.edu\r\n','BLAST job #[job] has finished transfering','BLAST Job #[job] has completed',0,'http://clcluster.igb.uiuc.edu/webblast/',200,'/var/www/html/webblast/scripts/','',7,0,NULL),(38,0,'/home/blastWeb/BLAST/output/','/home/blastWeb/BLAST/queries/','/blastWeb/BLAST/queries/','/blastWeb/BLAST/output/','/blastWeb/BLAST/delete/','/home/blastWeb/BLAST/csvoutput/','/blastWeb/BLAST/csvoutput/','/blastWeb/BLAST/concatoutput/','nevoband@igb.uiuc.edu','Thank you for using IGB BLAST\r\n\r\nThe files you requested have been transferred to your drop box.\r\n\r\nFor assistance please contact help@igb.uiuc.edu','Thank you for using IGB BLAST\r\n\r\nIMPORTANT: JOBS WILL BE DELETED 5 DAYS AFTER COMPLETION IN ORDER TO CLEAR SPACE FOR NEW JOBS.\r\n\r\nYou may get your results through the following links.\r\n\r\nTo download Parsed CSV: [csvurl]\r\nTo download Raw BLAST: [resulturl] \r\n\r\nFor assistance please contact help@igb.uiuc.edu\r\n','BLAST job #[job] has finished transfering','BLAST Job #[job] has completed',0,'http://clcluster.igb.uiuc.edu/webblast/',200,'/var/www/html/webblast/scripts/','',6,0,NULL),(39,0,'/home/blastWeb/BLAST/output/','/home/blastWeb/BLAST/queries/','/blastWeb/BLAST/queries/','/blastWeb/BLAST/output/','/blastWeb/BLAST/delete/','/home/blastWeb/BLAST/csvoutput/','/blastWeb/BLAST/csvoutput/','/blastWeb/BLAST/concatoutput/','nevoband@igb.uiuc.edu','Thank you for using IGB BLAST\r\n\r\nThe files you requested have been transferred to your drop box.\r\n\r\nFor assistance please contact help@igb.uiuc.edu','Thank you for using IGB BLAST\r\n\r\nIMPORTANT: JOBS WILL BE DELETED 5 DAYS AFTER COMPLETION IN ORDER TO CLEAR SPACE FOR NEW JOBS.\r\n\r\nYou may get your results through the following links.\r\n\r\nTo download Parsed CSV: [csvurl]\r\nTo download Raw BLAST: [resulturl] \r\n\r\nFor assistance please contact help@igb.uiuc.edu\r\n','BLAST job #[job] has finished transfering','BLAST Job #[job] has completed',0,'http://clcluster.igb.uiuc.edu/webblast/',200,'/var/www/html/webblast/scripts/','/export/home/blastdbs/userdbs/',5,1000,'/export/home/blastdbs/taxonomy/'),(40,0,'/home/blastWeb/BLAST/output/','/home/blastWeb/BLAST/queries/','/blastWeb/BLAST/queries/','/blastWeb/BLAST/output/','/blastWeb/BLAST/delete/','/home/blastWeb/BLAST/csvoutput/','/blastWeb/BLAST/csvoutput/','/blastWeb/BLAST/concatoutput/','nevoband@igb.uiuc.edu','Thank you for using IGB BLAST\r\n\r\nThe files you requested have been transferred to your drop box.\r\n\r\nFor assistance please contact help@igb.uiuc.edu','Thank you for using IGB BLAST\r\n\r\nIMPORTANT: JOBS WILL BE DELETED 5 DAYS AFTER COMPLETION IN ORDER TO CLEAR SPACE FOR NEW JOBS.\r\n\r\nYou may get your results through the following links.\r\n\r\nTo download Parsed CSV: [csvurl]\r\nTo download Raw BLAST: [resulturl] \r\n\r\nFor assistance please contact help@igb.uiuc.edu\r\n','BLAST job #[job] has finished transfering','BLAST Job #[job] has completed',0,'http://clcluster.igb.uiuc.edu/webblast/',200,'/var/www/html/webblast/scripts/','/export/home/blastdbs/userdbs/',5,1000,'/export/home/blastdbs/taxonomy/'),(41,0,'/home/blastWeb/BLAST/output/','/home/blastWeb/BLAST/queries/','/blastWeb/BLAST/queries/','/blastWeb/BLAST/output/','/blastWeb/BLAST/delete/','/home/blastWeb/BLAST/csvoutput/','/blastWeb/BLAST/csvoutput/','/blastWeb/BLAST/concatoutput/','nevoband@igb.uiuc.edu','Thank you for using IGB BLAST\r\n\r\nThe files you requested have been transferred to your drop box.\r\n\r\nFor assistance please contact help@igb.uiuc.edu','Thank you for using IGB BLAST\r\n\r\nIMPORTANT: JOBS WILL BE DELETED 5 DAYS AFTER COMPLETION IN ORDER TO CLEAR SPACE FOR NEW JOBS.\r\n\r\nYou may get your results through the following links.\r\n\r\nTo download Parsed CSV: [csvurl]\r\nTo download Raw BLAST: [resulturl] \r\n\r\nFor assistance please contact help@igb.uiuc.edu\r\n','BLAST job #[job] has finished transfering','BLAST Job #[job] has completed',0,'http://clcluster.igb.uiuc.edu/webblast/',200,'/var/www/html/webblast/scripts/','/export/home/blastdbs/userdbs/',5,1000,'/export/home/blastdbs/taxonomy/');
/*!40000 ALTER TABLE `config` ENABLE KEYS */;
UNLOCK TABLES;

--
-- Table structure for table `day_index`
--

DROP TABLE IF EXISTS `day_index`;
CREATE TABLE `day_index` (
  `num` int(11) NOT NULL
) ENGINE=MyISAM DEFAULT CHARSET=latin1;

--
-- Dumping data for table `day_index`
--

LOCK TABLES `day_index` WRITE;
/*!40000 ALTER TABLE `day_index` DISABLE KEYS */;
/*!40000 ALTER TABLE `day_index` ENABLE KEYS */;
UNLOCK TABLES;

--
-- Table structure for table `dbs`
--

DROP TABLE IF EXISTS `dbs`;
CREATE TABLE `dbs` (
  `id` int(10) unsigned NOT NULL auto_increment,
  `dbname` varchar(45) NOT NULL,
  `dbpath` varchar(45) NOT NULL,
  `type` varchar(45) NOT NULL,
  `description` text NOT NULL,
  `sequencenumber` int(10) unsigned NOT NULL,
  `nucleotidesnumber` int(10) unsigned NOT NULL,
  `sequences` int(11) NOT NULL,
  `active` int(10) unsigned NOT NULL,
  `userid` int(10) unsigned NOT NULL,
  PRIMARY KEY  (`id`)
) ENGINE=InnoDB AUTO_INCREMENT=68 DEFAULT CHARSET=latin1;

--
-- Dumping data for table `dbs`
--

LOCK TABLES `dbs` WRITE;
/*!40000 ALTER TABLE `dbs` DISABLE KEYS */;
INSERT INTO `dbs` VALUES (5,'est_human','','n','Expressed sequence tags (est_human)',0,0,0,1,0),(8,'nt','','n','Nucleotide collection (nt)',0,0,0,1,0),(9,'refseq_rna','','n','Reference mRNA sequences (refseq_rna)',0,0,0,1,0),(10,'refseq_genomic','','n','Reference genomic sequences (refseq_genomic)',0,0,0,1,0),(12,'est_others','','n','Non-human, non-mouse ESTs (est_others)',0,0,0,1,0),(13,'gss','','n','enomic survey sequences (gss)',0,0,0,1,0),(14,'htgs','','n','High throughput genomic sequences (HTGS)',0,0,0,1,0),(17,'wgs','','n','Whole-genome shotgun reads (wgs)',0,0,0,1,0),(18,'env_nt','','n','Environmental samples (env_nt)',0,0,0,1,0),(19,'nr','','p','non-redundant protein sequences (nr)',0,0,0,1,0),(20,'refseq_protein','','p','Reference proteins (refseq_protein)',0,0,0,1,0),(21,'swissprot','','p','Swissprot protein sequences(swissprot)',0,0,0,1,0),(22,'env_nr','','p','Environmental samples(env_nr)',0,0,0,1,0),(23,'pataa','','p','Patented protein sequences(pataa)',0,0,0,1,0),(24,'patnt','','n','Patented protein sequences(patnt)',0,0,0,1,0),(25,'pdbaa','','p','Protein Data Bank proteins(pdbaa)',0,0,0,1,0),(27,'cjfields_ortho_n','','n','ortho database',0,0,0,1,12),(28,'est','','n','Expressed sequence tags (est)',0,0,0,1,0),(29,'est_mouse','','n','Expressed sequence tags(est_mouse)',0,0,0,1,0),(30,'pdbnt','','n','Protein Data Bank(pdbnt)',0,0,0,1,0),(31,'sts','','n','Sequence tagged sites (sts)',0,0,0,1,0),(32,'apis_assembly2_contigs','','n','apis_assembly2_contigs',0,0,0,1,12),(33,'apis_assembly2_OGS_cds','','n','apis_assembly2_OGS_cds',0,0,0,1,12),(34,'apis_assembly4_contigs','','n','apis_assembly4_contigs',0,0,0,1,12),(35,'queen_bee','','n','queen_bee',0,0,0,1,12),(36,'apis_assembly2_pep','','p','apis_assembly2_pep',0,0,0,1,12),(37,'amel_v2_scaffold','','n','amel_v2_scaffold',0,0,0,1,12),(39,'human_genomic','','n','human chromosome database (human_genomic)',0,0,0,1,0),(40,'human_genomic_transcript','','n','human chromosome + transcript (human_genomic_transcript)',0,0,0,1,0),(41,'human_genome_build_36_3','','n','Human genome build.36.3',0,0,0,1,20),(42,'older_varroa_assembly.fas','','n','older_varroa_assembly.fas',0,0,0,6,13),(43,'SC_varroa_assembly.fas','','n','SC_varroa_assembly.fas',0,0,0,6,13),(44,'neuromcl_v2','','p','neuromcl_v2',0,0,0,1,12),(45,'gb_viral','','n','gb_viral',0,0,0,1,13),(51,'nevoband_20100428135001.fas','','p','testing 1234 blah',0,0,0,6,1),(52,'nevoband_20100429114451.fas','','p','Nevo Band (for testing)',0,0,0,6,1),(53,'nevoband_20100429115123.fas','','p','Nevo Band (for testing)',0,0,0,6,1),(54,'nevoband_20100429141704.fas','','p','test 1234',0,0,0,6,1),(55,'nevoband_20100429152923.fas','','p','test 1234 blah blah',0,0,0,6,1),(56,'nevoband_20100429154428.fas','','p','test1234 last',0,0,0,6,1),(57,'nevoband_20100429163821.fas','','p','test 1234 no protein',0,0,0,6,1),(58,'nevoband_20100429164511.fas','','p','test no protein 2',0,0,0,6,1),(59,'nevoband_20100429164628.fas','','n','test 1234 no protein',0,0,0,6,1),(60,'nevoband_20100430101142.fas','','n','Testing Database',0,0,0,6,1),(61,'rkhetani_20100506164146.fas','','n','apis_assembly4_chromosomes',0,0,0,1,13),(62,'nevoband_20100506165323.fas','','n','test 12345',0,0,0,6,1),(63,'rkhetani_20100517115403.fas','','n','Apis rRNA',0,0,0,1,13),(64,'nevo4test_20100521132133.fas','','n','mouse_rna',0,0,0,1,10),(65,'nevo4test_20100521154112.fas','','n','mouse_rna',0,0,0,1,10),(66,'biase_20100527114048.fas','','n','hg19',0,0,0,0,28),(67,'biase_20100528011808.fas','','n','btau4_scaff',0,0,0,1,28);
/*!40000 ALTER TABLE `dbs` ENABLE KEYS */;
UNLOCK TABLES;

--
-- Table structure for table `dbupdates`
--

DROP TABLE IF EXISTS `dbupdates`;
CREATE TABLE `dbupdates` (
  `id` int(11) NOT NULL auto_increment,
  `updatestatus` int(11) NOT NULL,
  `updatedate` datetime NOT NULL,
  `discription` text NOT NULL,
  PRIMARY KEY  (`id`)
) ENGINE=MyISAM AUTO_INCREMENT=18 DEFAULT CHARSET=latin1;

--
-- Dumping data for table `dbupdates`
--

LOCK TABLES `dbupdates` WRITE;
/*!40000 ALTER TABLE `dbupdates` DISABLE KEYS */;
INSERT INTO `dbupdates` VALUES (2,9,'2010-02-10 10:30:00',''),(6,1,'2010-04-19 09:06:39',''),(5,1,'2010-04-18 21:27:40',''),(7,1,'2010-04-19 09:07:28',''),(8,1,'2010-04-19 09:14:19',''),(9,1,'2010-04-19 09:15:17',''),(10,1,'2010-04-19 09:24:07',''),(11,1,'2010-04-19 09:26:01',''),(12,3,'2010-04-25 21:00:26',''),(13,3,'2010-05-03 02:13:55',''),(14,3,'2010-05-18 05:04:39',''),(15,3,'2010-05-18 08:55:11',''),(16,7,'2010-05-24 00:57:08',''),(17,3,'2010-05-24 17:28:47','');
/*!40000 ALTER TABLE `dbupdates` ENABLE KEYS */;
UNLOCK TABLES;

--
-- Table structure for table `nodes`
--

DROP TABLE IF EXISTS `nodes`;
CREATE TABLE `nodes` (
  `id` int(10) unsigned NOT NULL auto_increment,
  `status` int(10) unsigned NOT NULL,
  `lastactivity` datetime NOT NULL,
  `submitted` tinyint(1) NOT NULL,
  `commandid` int(10) unsigned NOT NULL,
  `processes` int(10) unsigned NOT NULL,
  `hostname` varchar(45) NOT NULL,
  `pid` int(10) unsigned NOT NULL,
  PRIMARY KEY  (`id`)
) ENGINE=InnoDB AUTO_INCREMENT=25 DEFAULT CHARSET=latin1;

--
-- Dumping data for table `nodes`
--

LOCK TABLES `nodes` WRITE;
/*!40000 ALTER TABLE `nodes` DISABLE KEYS */;
INSERT INTO `nodes` VALUES (1,5,'2009-10-20 14:14:50',0,2,4,'',0),(2,2,'2009-10-20 14:13:02',0,2,4,'compute-0-4',5917),(3,5,'2009-10-20 14:13:13',0,2,4,'',0),(4,2,'2009-10-20 14:13:44',0,2,4,'compute-0-19',24062),(5,5,'2009-10-20 14:13:45',0,2,4,'',0),(6,5,'2009-10-20 14:13:46',0,2,4,'',0),(7,5,'2009-10-20 14:13:46',0,2,4,'',0),(8,5,'2009-10-20 14:13:47',0,2,4,'',0),(9,5,'2009-10-20 14:13:47',0,2,4,'',0),(10,5,'2009-10-20 14:13:48',0,2,4,'',0),(11,5,'2009-10-20 14:13:48',0,2,4,'',0),(12,5,'2009-10-20 14:13:49',0,2,4,'',0),(13,5,'2009-10-20 14:13:49',0,2,4,'',0),(14,5,'2009-10-20 14:13:51',0,2,4,'',0),(15,5,'2009-10-20 14:13:52',0,2,4,'',0),(16,2,'2009-10-20 14:14:00',0,2,4,'compute-0-20',24656),(17,5,'2009-10-20 14:14:01',0,2,4,'',0),(18,5,'2009-10-20 14:14:02',0,2,4,'',0),(19,2,'2009-10-20 14:14:02',0,2,4,'compute-0-16',31328),(20,5,'2009-10-20 14:14:03',0,2,4,'',0),(21,5,'2009-10-20 14:14:04',0,2,4,'',0),(22,5,'2009-10-20 14:14:04',0,2,4,'',0),(23,5,'2009-10-20 14:14:05',0,2,4,'',0),(24,5,'2009-11-19 08:59:48',0,2,4,'',0);
/*!40000 ALTER TABLE `nodes` ENABLE KEYS */;
UNLOCK TABLES;

--
-- Table structure for table `schedule`
--

DROP TABLE IF EXISTS `schedule`;
CREATE TABLE `schedule` (
  `id` int(10) unsigned NOT NULL auto_increment,
  `date` datetime NOT NULL,
  `nodes` int(10) unsigned NOT NULL,
  `description` text NOT NULL,
  PRIMARY KEY  (`id`)
) ENGINE=InnoDB AUTO_INCREMENT=203 DEFAULT CHARSET=latin1;

--
-- Dumping data for table `schedule`
--

LOCK TABLES `schedule` WRITE;
/*!40000 ALTER TABLE `schedule` DISABLE KEYS */;
INSERT INTO `schedule` VALUES (176,'2010-01-20 12:50:00',24,''),(178,'2010-02-11 10:06:00',0,''),(181,'2010-02-11 14:43:00',1,''),(183,'2010-02-11 15:52:00',24,''),(198,'2010-05-05 14:02:00',23,'compute-0-17 is down'),(200,'2010-05-07 08:47:00',24,'All computes are up'),(201,'2010-05-18 08:51:00',0,''),(202,'2010-05-18 09:14:00',24,'');
/*!40000 ALTER TABLE `schedule` ENABLE KEYS */;
UNLOCK TABLES;

--
-- Table structure for table `scp_connections`
--

DROP TABLE IF EXISTS `scp_connections`;
CREATE TABLE `scp_connections` (
  `ID` int(10) unsigned NOT NULL auto_increment,
  `userid` int(10) unsigned NOT NULL,
  `address` varchar(45) NOT NULL,
  `username` varchar(45) NOT NULL,
  PRIMARY KEY  (`ID`)
) ENGINE=InnoDB DEFAULT CHARSET=latin1;

--
-- Dumping data for table `scp_connections`
--

LOCK TABLES `scp_connections` WRITE;
/*!40000 ALTER TABLE `scp_connections` DISABLE KEYS */;
/*!40000 ALTER TABLE `scp_connections` ENABLE KEYS */;
UNLOCK TABLES;

--
-- Table structure for table `status`
--

DROP TABLE IF EXISTS `status`;
CREATE TABLE `status` (
  `id` int(10) unsigned NOT NULL auto_increment,
  `name` varchar(45) NOT NULL,
  `description` varchar(45) NOT NULL,
  PRIMARY KEY  (`id`)
) ENGINE=InnoDB AUTO_INCREMENT=11 DEFAULT CHARSET=latin1;

--
-- Dumping data for table `status`
--

LOCK TABLES `status` WRITE;
/*!40000 ALTER TABLE `status` DISABLE KEYS */;
INSERT INTO `status` VALUES (1,'new',''),(2,'running',''),(3,'completed',''),(4,'canceled',''),(5,'stopped',''),(6,'submitted',''),(7,'error',''),(8,'finalizing',''),(9,'transfering',''),(10,'deleting','');
/*!40000 ALTER TABLE `status` ENABLE KEYS */;
UNLOCK TABLES;

--
-- Table structure for table `taxonomy`
--

DROP TABLE IF EXISTS `taxonomy`;
CREATE TABLE `taxonomy` (
  `id` int(10) unsigned NOT NULL auto_increment,
  `file` varchar(45) NOT NULL,
  `description` varchar(45) NOT NULL,
  PRIMARY KEY  (`id`)
) ENGINE=InnoDB AUTO_INCREMENT=3 DEFAULT CHARSET=latin1;

--
-- Dumping data for table `taxonomy`
--

LOCK TABLES `taxonomy` WRITE;
/*!40000 ALTER TABLE `taxonomy` DISABLE KEYS */;
INSERT INTO `taxonomy` VALUES (1,'gi_taxid_nucl.dmp','Nucleotide\'s gi and taxi'),(2,'gi_taxid_prot.dmp','Protein\'s gi and taxi');
/*!40000 ALTER TABLE `taxonomy` ENABLE KEYS */;
UNLOCK TABLES;

--
-- Table structure for table `users`
--

DROP TABLE IF EXISTS `users`;
CREATE TABLE `users` (
  `id` int(10) unsigned NOT NULL auto_increment,
  `netid` varchar(45) NOT NULL,
  `first` varchar(45) NOT NULL,
  `last` varchar(45) NOT NULL,
  `email` varchar(45) NOT NULL,
  `description` text NOT NULL,
  `dropboxpath` text NOT NULL,
  PRIMARY KEY  (`id`)
) ENGINE=InnoDB AUTO_INCREMENT=29 DEFAULT CHARSET=latin1;

--
-- Dumping data for table `users`
--

LOCK TABLES `users` WRITE;
/*!40000 ALTER TABLE `users` DISABLE KEYS */;
INSERT INTO `users` VALUES (1,'nevoband','nevo','band','nevoband@igb.uiuc.edu','nevo testing','/mounts/drop/n-z/nevoband/'),(10,'nevo4test','','','markband@illinois.edu','Nevo\'s testing user.','/mounts/drop/n-z/nevo4test/'),(12,'cjfields','','','cjfields@igb.illinois.edu','','/mounts/drop/a-m/cjfields/'),(13,'rkhetani','','','rkhetani@igb.illinois.edu','','/mounts/drop/n-z/rkhetani/'),(15,'newmant5','','','newmant5@igb.illinois.edu','',''),(16,'donthu','','','donthu@igb.illinois.edu','',''),(17,'danield','','','danield@igb.illinois.edu','',''),(18,'kyeonheo','','','kyeonheo@igb.illinois.edu','',''),(19,'ymao','','','ymao@igb.illinois.edu','',''),(20,'jlmlj','','','jlmlj@igb.illinois.edu','',''),(21,'yu68','','','yu68@igb.illinois.edu','',''),(22,'kank','','','kank@igb.illinois.edu','',''),(23,'yu72','','','yu72@igb.illinois.edu','',''),(24,'mhudson','','','mhudson@igb.illinois.edu','',''),(25,'dslater','','','dslater@igb.illinois.edu','',''),(26,'coreldapsync','','','coreldapsync@igb.illinois.edu','',''),(27,'mcneill','','','mcneill@igb.illinois.edu','',''),(28,'biase','','','biase@igb.illinois.edu','','');
/*!40000 ALTER TABLE `users` ENABLE KEYS */;
UNLOCK TABLES;
/*!40103 SET TIME_ZONE=@OLD_TIME_ZONE */;

/*!40101 SET SQL_MODE=@OLD_SQL_MODE */;
/*!40014 SET FOREIGN_KEY_CHECKS=@OLD_FOREIGN_KEY_CHECKS */;
/*!40014 SET UNIQUE_CHECKS=@OLD_UNIQUE_CHECKS */;
/*!40101 SET CHARACTER_SET_CLIENT=@OLD_CHARACTER_SET_CLIENT */;
/*!40101 SET CHARACTER_SET_RESULTS=@OLD_CHARACTER_SET_RESULTS */;
/*!40101 SET COLLATION_CONNECTION=@OLD_COLLATION_CONNECTION */;
/*!40111 SET SQL_NOTES=@OLD_SQL_NOTES */;

-- Dump completed on 2010-06-03 13:49:43
